user_id,name,email,signup_date
1,Dominique Finley,elizabeth15@hotmail.com,2020-02-05 17:54:36
2,Robyn Jordan,nparsons@protonmail.com,2023-08-09 02:17:18
3,Lauren Mcdaniel,shirleydavis@protonmail.com,2024-04-17 12:45:12
4,Yolanda Green,ryan09@yahoo.com,2024-04-22 10:53:58
5,Cassie Edwards,ofrancis@meta.ua,2024-11-11 01:14:06
6,Sarah Villa,jessica26@yahoo.com,2020-09-10 23:45:52
7,Emily Johnson,gregory73@outlook.com,2021-10-26 19:13:09
8,Bryan Jones,zyang@outlook.com,2021-10-22 07:26:08
9,Samuel Campbell,zacharymorrison@meta.ua,2020-10-05 04:12:11
10,Kristin Harris,jeffreytorres@hotmail.com,2021-08-08 22:08:56
11,Lawrence Taylor,beverlysmith@ukr.net,2020-10-13 10:03:52
12,Nathan Taylor,jeffreyroberts@gmail.com,2023-05-21 03:02:48
13,Kristine Skinner,christopher69@meta.ua,2021-10-05 12:10:17
14,Mercedes Deleon,jake40@protonmail.com,2023-11-07 07:03:34
15,Regina Santos,clarkdaniel@outlook.com,2023-07-27 14:20:56
16,Mr. Robert Bennett,jamestorres@outlook.com,2024-05-08 15:18:54
17,Michael Carr,longholly@protonmail.com,2024-04-21 22:06:17
18,Elizabeth Davis,herbertgreen@hotmail.com,2020-06-27 07:36:16
19,Cheyenne Kennedy,stanleyallison@gmail.com,2024-08-13 19:31:11
20,David Stewart,zpittman@yahoo.com,2020-07-28 03:28:46
21,Joshua Morgan,joseph13@i.ua,2021-11-17 21:17:09
22,David Vaughn,vickie01@meta.ua,2024-10-10 22:52:27
23,Shane Graves DDS,vegahannah@i.ua,2023-05-03 13:11:53
24,Anne Taylor,ksmith@yahoo.com,2022-09-10 18:05:21
25,Eric Garcia,julieberg@hotmail.com,2020-01-16 23:44:56
26,Hannah Gordon,rebecca25@i.ua,2024-04-16 14:11:55
27,James Garcia,johnsontimothy@hotmail.com,2022-08-14 11:08:22
28,Crystal Anderson,rcraig@i.ua,2023-07-09 14:10:42
29,Meagan Vaughan,dhoffman@meta.ua,2021-12-22 22:36:37
30,Joel Roberts,bennettelizabeth@gmail.com,2023-09-28 05:14:03
31,Keith Fischer,thomasmorris@hotmail.com,2024-03-07 23:33:49
32,Juan Henderson,james28@gmail.com,2021-02-24 20:12:39
33,Robert Davis,justin66@hotmail.com,2021-06-07 00:28:28
34,Elizabeth Merritt,milleramy@protonmail.com,2022-06-26 09:01:49
35,Jessica Murphy,rodriguezdanielle@protonmail.com,2023-03-10 02:00:18
36,Stefanie Sharp,misty65@protonmail.com,2021-10-31 17:03:15
37,Elizabeth Sutton,wangstephanie@i.ua,2024-07-31 04:56:25
38,Danielle Davenport,matthewking@yahoo.com,2022-11-22 06:11:16
39,Rachel Fowler,dwilson@ukr.net,2024-08-23 15:02:12
40,Jeff Ali,carrieholloway@outlook.com,2022-12-26 23:44:23
41,Sharon Vargas,hwhite@outlook.com,2023-09-07 11:05:14
42,Richard Smith,mariorodriguez@i.ua,2022-05-25 01:33:56
43,Shannon Goodman,fosterjulie@protonmail.com,2023-11-13 06:23:34
44,Patrick Scott,taylormichelle@outlook.com,2022-01-14 16:57:09
45,Ms. Cynthia Johnson,martinstacie@meta.ua,2023-08-15 01:02:07
46,Rachel Obrien,elizabeth93@hotmail.com,2020-05-16 12:34:36
47,Robert Graham,jonesalison@i.ua,2021-10-08 12:21:53
48,Darlene Collins,campbellbrooke@hotmail.com,2024-08-17 03:20:04
49,Christopher Nelson,kellerryan@outlook.com,2022-04-25 02:54:04
50,Todd Perez,jenniferbailey@yahoo.com,2024-07-28 14:48:38
51,Mr. Stephen Romero,megan35@hotmail.com,2024-07-15 04:01:18
52,Christian Rodriguez,mthompson@yahoo.com,2023-04-20 12:40:29
53,Dawn Nelson,mcox@i.ua,2022-11-18 20:15:47
54,Jason Willis,ronald63@gmail.com,2021-03-06 17:07:38
55,Maria Mcfarland,casey34@hotmail.com,2022-06-02 13:36:38
56,Amanda Rogers,gregory98@hotmail.com,2022-01-25 21:55:00
57,Linda Hernandez,hardykaren@outlook.com,2022-01-02 17:24:47
58,Brian Gallagher,susan71@ukr.net,2020-05-09 08:41:55
59,Michael Gill,aleblanc@protonmail.com,2024-09-29 19:08:56
60,Matthew Smith,ashley45@hotmail.com,2023-01-18 13:11:35
61,Robert Walter,juanclayton@outlook.com,2024-06-04 05:21:31
62,Larry Cooper,ybarry@i.ua,2020-12-22 11:16:12
63,Madison Davis,deborah66@yahoo.com,2022-06-14 01:20:09
64,Whitney Erickson,tina30@outlook.com,2023-03-10 02:01:59
65,Lauren Bowman,gjackson@ukr.net,2021-12-30 15:56:04
66,Nicole Williams,catherinegreene@i.ua,2023-04-15 11:30:12
67,Paul Davis,lisa29@gmail.com,2023-05-26 14:01:40
68,Yvette Small,beaton@outlook.com,2020-09-24 06:01:31
69,Krystal Barnes,sharongray@hotmail.com,2022-07-18 01:27:40
70,David Ponce,robertrogers@meta.ua,2023-04-06 22:48:49
71,Alan Obrien,cynthia39@hotmail.com,2020-03-13 14:11:52
72,Ryan Johnson,matthewgamble@meta.ua,2024-09-23 08:59:23
73,Robert Lloyd,michael66@ukr.net,2024-10-10 09:53:39
74,Gary Blackwell,tmcmahon@hotmail.com,2020-12-08 10:04:23
75,Mark Mitchell,vturner@meta.ua,2024-09-03 20:04:05
76,Heather Brown,ricejordan@yahoo.com,2021-12-25 01:21:54
77,William Stanley,wedwards@hotmail.com,2021-09-12 04:39:36
78,Scott Coleman,osbornlauren@ukr.net,2020-09-24 12:09:39
79,Ryan Novak,ericgreen@protonmail.com,2021-03-22 03:43:16
80,Jennifer Valentine,joshua33@yahoo.com,2022-12-17 01:44:28
81,Amber Peterson,robert97@meta.ua,2022-11-28 00:22:53
82,Linda Jones,omay@yahoo.com,2021-09-15 00:56:06
83,Priscilla Bell,vincent18@hotmail.com,2021-06-16 17:13:04
84,Robert Ferguson,laurengreer@outlook.com,2024-06-17 01:44:00
85,Heather Thomas,yfrank@yahoo.com,2022-08-12 10:56:12
86,Kevin Anderson,erika42@hotmail.com,2022-09-15 03:42:43
87,Lee Jones,sjohnson@ukr.net,2020-05-12 01:05:49
88,Dennis Lewis,hardydavid@yahoo.com,2021-08-11 08:46:57
89,Cynthia Smith,yhickman@i.ua,2022-06-12 07:34:53
90,David Manning,jenniferbarnett@meta.ua,2020-02-08 12:12:07
91,Nicholas Ryan,ssmith@i.ua,2020-05-12 18:44:46
92,Audrey Hanson,samantha20@meta.ua,2023-09-12 17:13:46
93,David Edwards,michael81@meta.ua,2021-03-29 05:19:14
94,Gary Miller,raymond32@protonmail.com,2022-01-29 03:12:15
95,Jason Hatfield,sallen@gmail.com,2020-03-02 04:20:15
96,Gary Lopez,joseph10@gmail.com,2020-07-07 07:39:49
97,Tonya Jordan,ycunningham@gmail.com,2020-01-19 15:29:29
98,Jason Ortiz,fsoto@i.ua,2023-10-03 00:42:33
99,Anna Brooks,scottpadilla@gmail.com,2024-08-13 20:53:00
100,Cynthia Hall,danielle70@protonmail.com,2024-02-02 09:57:51
101,Brandon Bailey,lesliekelly@meta.ua,2021-06-13 12:51:11
102,Jake Allen,belljoseph@hotmail.com,2024-06-12 12:18:21
103,Emily Reynolds,uhatfield@i.ua,2023-04-09 22:36:40
104,Anna Cline,ryanandrews@gmail.com,2022-06-06 23:36:57
105,Dawn Nelson,wnewman@yahoo.com,2020-05-19 05:34:17
106,Tara Nelson,mario54@ukr.net,2021-06-06 18:09:54
107,Darrell Bond,leslie19@meta.ua,2021-05-26 03:03:04
108,James Cantu,walshabigail@protonmail.com,2020-11-04 03:58:09
109,Craig Lee,randycole@hotmail.com,2024-11-06 05:51:10
110,Bradley Chan,rebeccasalazar@gmail.com,2022-01-17 19:30:51
111,Jason Allison,cbryant@gmail.com,2023-01-05 01:23:56
112,Julia Brown,zhawkins@ukr.net,2023-02-22 19:42:57
113,Erin Johnson,marie35@ukr.net,2023-09-24 11:14:02
114,Wendy Leonard,craigclark@outlook.com,2024-06-24 17:37:33
115,Taylor Novak,nancyfoster@protonmail.com,2023-08-07 13:37:52
116,Steven Costa,ericbeard@i.ua,2023-03-06 13:17:45
117,Laura Duran,katrina51@yahoo.com,2021-12-08 19:37:22
118,Melanie Velasquez,sanchezjames@hotmail.com,2024-09-21 02:42:40
119,Melissa Daniel,richard45@i.ua,2023-09-17 04:07:42
120,Michael Kaufman,harrisrick@ukr.net,2021-02-08 16:09:28
121,Jacqueline Hernandez,keith11@i.ua,2021-05-26 09:12:01
122,Benjamin Jones,johnsonchristopher@i.ua,2020-11-07 20:10:15
123,Angela Padilla,david37@outlook.com,2020-12-16 07:38:58
124,Alexis Smith,sarahmartinez@gmail.com,2022-07-28 23:53:14
125,Scott Carlson,watsonbenjamin@protonmail.com,2020-11-11 19:30:34
126,Christopher Hurley,rebecca06@i.ua,2021-06-16 19:12:29
127,Penny Vance,josephbaker@ukr.net,2020-08-21 00:37:53
128,Kurt Hanna,zavalaamber@meta.ua,2023-01-07 17:16:50
129,Madison Smith,kfrench@hotmail.com,2023-03-08 14:53:47
130,Stephanie Woods,ylong@protonmail.com,2022-05-13 03:44:42
131,Valerie Bautista,sbrown@i.ua,2021-02-20 07:00:52
132,Kimberly Hensley,thomas21@hotmail.com,2021-05-22 09:44:28
133,Ashley Espinoza,guzmankatie@hotmail.com,2023-04-24 17:51:43
134,Mario Stein,smithbrian@i.ua,2023-07-16 13:41:49
135,Steven Houston,xnguyen@meta.ua,2023-04-14 20:39:57
136,Lisa Morales,pcombs@yahoo.com,2022-04-01 05:23:04
137,James Branch,christopher61@yahoo.com,2020-02-15 14:52:22
138,Alan Smith,juliemendez@protonmail.com,2023-06-10 02:34:07
139,Tammy Baker,carrollbenjamin@meta.ua,2022-11-12 04:56:50
140,James Booth,ashleyglenn@i.ua,2020-02-23 00:14:44
141,Anita Turner,welchholly@meta.ua,2022-04-06 06:16:51
142,Ryan Taylor,grahamcharles@gmail.com,2021-10-04 00:20:46
143,Donna Black,andrea45@meta.ua,2024-03-17 08:21:44
144,Erica Weeks,mikehernandez@yahoo.com,2021-10-01 18:16:28
145,Angela Nelson,ghall@outlook.com,2023-01-06 05:37:59
146,Jeffery Gibson,cgregory@outlook.com,2024-07-15 14:07:58
147,Kristi Mays,browndennis@protonmail.com,2024-06-02 05:14:24
148,Julie Wilson,christian82@meta.ua,2022-11-20 23:27:07
149,Jodi Lewis,ddrake@outlook.com,2023-09-13 05:39:22
150,Kurt Willis,sara00@ukr.net,2021-04-09 08:51:25
151,Aaron Webster,wendy00@gmail.com,2024-02-04 22:12:35
152,Carmen Sullivan,sylvianewton@hotmail.com,2024-09-01 21:36:15
153,Ashley Tucker,stokesjoshua@protonmail.com,2022-03-20 01:21:30
154,Shelia Stone,qdavis@outlook.com,2020-10-16 13:48:23
155,Vicki Mccoy,victoria79@meta.ua,2022-08-23 05:48:31
156,William Schmidt,ryan37@i.ua,2023-10-15 19:59:01
157,Jennifer Ware,mariaarellano@i.ua,2023-08-23 07:45:23
158,Sean Anderson,vegasandra@ukr.net,2023-01-09 20:35:46
159,Laura Daniel,joshualozano@protonmail.com,2022-10-12 02:27:18
160,Amy Meyer,kristin47@meta.ua,2021-03-21 19:13:26
161,James Sweeney,donaldcoleman@gmail.com,2024-02-08 09:30:42
162,Stanley Green DVM,reedjames@ukr.net,2021-08-23 20:01:30
163,Kenneth Jones,mstevens@outlook.com,2024-04-15 07:18:52
164,Brittney Santos,jthomas@meta.ua,2023-04-04 21:57:09
165,Mary Carter,jvelasquez@yahoo.com,2023-06-15 01:00:35
166,Travis Huynh,deanna16@yahoo.com,2021-11-29 10:09:39
167,Stacey Bailey,uanthony@meta.ua,2020-09-27 14:06:58
168,Gregory Acosta,ahenry@yahoo.com,2022-08-21 23:34:36
169,Bryan Miller,jjarvis@protonmail.com,2023-07-17 09:17:40
170,Nancy Gonzalez,davismichael@meta.ua,2024-07-14 12:28:16
171,Kimberly Flores,deniselewis@meta.ua,2024-08-23 02:03:49
172,Stephanie Black,nelsonsandra@hotmail.com,2023-11-01 17:17:55
173,Linda Cochran,wwilliams@gmail.com,2023-04-16 04:57:40
174,Joseph Smith,adam84@ukr.net,2023-12-16 21:05:13
175,Carrie Patton,spencer42@outlook.com,2022-12-31 20:27:37
176,Alan Johnson,simonbrian@gmail.com,2020-12-17 23:18:26
177,Craig Perry,smithcraig@hotmail.com,2024-11-16 16:53:39
178,Jane Singh MD,yolandataylor@yahoo.com,2022-07-05 23:02:06
179,Veronica Newman,samanthavega@outlook.com,2024-01-07 06:21:42
180,Joseph Jackson,russellrobin@meta.ua,2024-01-04 05:56:42
181,Amber Thomas,perezdiane@ukr.net,2020-01-10 03:55:45
182,Brent Chambers,gperkins@outlook.com,2021-05-01 13:51:57
183,Derrick Walton,craigpatterson@yahoo.com,2022-07-04 20:33:55
184,Anna Shields,payers@protonmail.com,2023-06-09 00:23:29
185,Eugene Oconnor,amy19@yahoo.com,2021-08-10 11:59:59
186,David Jones,taylor34@meta.ua,2022-07-02 03:41:26
187,Anthony Rhodes,pamela22@outlook.com,2024-02-26 23:02:15
188,Keith King PhD,vclark@i.ua,2022-06-25 22:05:39
189,Annette Franco,yclark@hotmail.com,2021-05-01 14:56:05
190,Michael Cross,coleashley@yahoo.com,2020-01-18 15:44:31
191,Mr. Jesse Zuniga,daniel30@yahoo.com,2023-01-01 12:25:23
192,Brett Morales,cynthia22@meta.ua,2022-08-27 17:00:48
193,Brian Howard,sloanjennifer@meta.ua,2022-09-16 10:43:53
194,Erin Flores,robertlee@hotmail.com,2021-12-26 03:14:19
195,Barbara Nixon,rdickson@meta.ua,2022-01-26 09:04:39
196,Kara Collins,rachael03@meta.ua,2021-10-15 23:21:11
197,Jessica Callahan,drakekayla@i.ua,2023-04-29 23:03:16
198,Elizabeth Price,ufrench@yahoo.com,2021-07-31 12:20:13
199,Charles Vincent,cfernandez@ukr.net,2020-12-07 03:21:01
200,Misty Carter,wbrown@hotmail.com,2021-11-07 08:03:35
201,John Woods,haynesmichael@outlook.com,2024-10-27 04:23:41
202,Cynthia Marsh,spencermiller@ukr.net,2024-05-17 13:42:26
203,Kristin Bentley,david66@protonmail.com,2020-01-22 23:52:03
204,Thomas Mckee,nblair@hotmail.com,2021-09-14 10:12:15
205,Brandi Wilson,hscott@protonmail.com,2024-04-22 23:44:44
206,Ryan Rubio,irodriguez@outlook.com,2021-07-20 13:10:04
207,Judy Griffin,woodskimberly@meta.ua,2022-12-25 04:05:23
208,Sarah Hurst,harpereric@protonmail.com,2022-02-21 21:23:24
209,Deborah Mitchell,riveraalexander@hotmail.com,2021-08-16 12:01:35
210,Lisa Calhoun,cordovakathryn@outlook.com,2023-05-21 13:42:12
211,Eric Collins,erica96@outlook.com,2021-01-26 06:54:48
212,Alicia Mcintosh,rodneywhite@protonmail.com,2022-04-04 06:34:16
213,Roger Johnson,longrebecca@yahoo.com,2020-11-09 02:38:29
214,Stephen Gonzalez,ericclarke@ukr.net,2022-07-20 06:07:35
215,Kelly Shields,levinealicia@i.ua,2020-05-08 07:58:04
216,Kimberly Wood,andrea50@i.ua,2023-12-04 09:17:49
217,Corey Anderson,ruthmoreno@gmail.com,2023-10-31 03:30:28
218,Megan Dodson,bishopmichele@ukr.net,2020-11-07 15:47:04
219,Richard Palmer,mariamartin@outlook.com,2024-06-11 02:42:36
220,Tamara Kirby,hsavage@ukr.net,2023-03-30 18:00:39
221,Mason Bryant,larayvonne@yahoo.com,2022-02-25 07:44:36
222,Tina Beck,raymondallen@gmail.com,2022-09-20 02:13:54
223,Kelly Campbell,jacob35@ukr.net,2021-07-11 02:36:24
224,Virginia Mejia,parkershawn@hotmail.com,2024-08-07 00:17:31
225,Erin Owen,mariavega@hotmail.com,2021-06-18 18:13:01
226,Maria Vargas,alicia66@yahoo.com,2024-09-27 14:06:55
227,Jim Smith,powerschristine@yahoo.com,2021-01-10 19:23:30
228,Mrs. Kristen Espinoza,erin63@meta.ua,2022-01-08 03:13:15
229,Ashley Adkins,sabrinataylor@hotmail.com,2020-12-09 19:53:54
230,Christopher Chen,boyerryan@yahoo.com,2020-03-26 11:03:35
231,Cynthia Simmons,tbell@outlook.com,2021-06-28 12:18:24
232,Edgar Owens,crystalthomas@gmail.com,2021-04-24 02:46:40
233,Randall Mccarthy,jeffrey13@hotmail.com,2020-04-29 05:21:02
234,David Brown,ebush@outlook.com,2024-06-04 20:16:02
235,Gene Holt,hunterjulie@yahoo.com,2021-05-15 00:13:37
236,Jennifer Collins,jacobweaver@hotmail.com,2024-10-03 21:31:14
237,Stephanie Moore DDS,kramerstephen@meta.ua,2023-03-15 00:57:37
238,Kelli Campos,georgehudson@ukr.net,2020-03-23 17:25:22
239,Ashley Taylor,gary75@protonmail.com,2023-11-08 15:34:19
240,Dr. Amanda Cruz,ymiller@outlook.com,2024-02-28 18:04:17
241,Lynn Miranda,uroberts@outlook.com,2024-01-21 20:53:36
242,Monique Roberts,ywilliams@hotmail.com,2023-08-17 12:01:34
243,Michael Sawyer,phuber@protonmail.com,2023-11-29 09:16:48
244,William Dixon,bensonkylie@i.ua,2021-02-09 23:56:53
245,Nicholas Spencer,sandrawhite@protonmail.com,2022-10-22 19:52:35
246,Jeffery Kelley,patriciafox@outlook.com,2020-02-03 14:56:24
247,Patrick Young,richardorr@outlook.com,2021-11-01 21:15:28
248,Steven Navarro,ashley96@outlook.com,2022-07-15 08:31:42
249,Dana Roberts,fowens@hotmail.com,2021-09-08 16:48:03
250,David Rivers,jacqueline04@ukr.net,2024-09-10 03:36:53
251,Mark Newton,douglasveronica@outlook.com,2022-02-17 11:49:54
252,Susan Smith,garypowell@i.ua,2024-03-27 04:22:43
253,James Aguilar,myerstara@outlook.com,2022-03-18 21:34:02
254,Lauren Anderson,simonandrew@yahoo.com,2024-09-12 14:27:57
255,Stephen Johns,igray@protonmail.com,2021-07-09 00:39:09
256,Sarah Allen,eric45@meta.ua,2020-10-04 20:08:02
257,Michael Serrano,cherylbrewer@meta.ua,2022-03-04 07:10:51
258,Kelly Jordan,ydavis@yahoo.com,2024-09-01 02:21:58
259,Kelly Navarro,xgraves@i.ua,2023-12-27 08:27:38
260,Angela Walker,hughesmarissa@hotmail.com,2020-09-12 08:36:05
261,Mary Carroll,jennifer27@meta.ua,2022-12-24 12:34:20
262,Rebecca Gross,coreyparker@yahoo.com,2021-11-23 17:59:50
263,Dustin Contreras,robert50@ukr.net,2023-05-25 03:56:57
264,Crystal Pratt,patrickpoole@meta.ua,2021-10-25 03:10:58
265,Wanda Jenkins,stephanienelson@meta.ua,2022-09-04 16:18:23
266,Brittney Davis,thompsonbilly@outlook.com,2023-12-29 13:08:29
267,Dawn Smith,edward52@outlook.com,2021-03-24 09:10:18
268,Lucas Molina,christinewaters@ukr.net,2024-10-26 00:46:21
269,Jennifer Vargas,erinaguilar@ukr.net,2020-12-29 00:05:53
270,Carmen Medina,kelsey00@hotmail.com,2024-08-25 02:30:25
271,Jennifer Smith,berryjonathan@meta.ua,2021-04-22 07:01:50
272,Linda Smith,charles45@yahoo.com,2020-07-19 05:31:22
273,Bridget Lawson,millergeorge@gmail.com,2020-06-23 04:55:23
274,Brooke Logan,justingarcia@i.ua,2021-12-03 02:51:05
275,Edward Allen,courtney29@gmail.com,2023-05-22 11:38:21
276,Jessica Mendoza,michael31@ukr.net,2022-04-30 08:00:49
277,Gregory Lopez,brittanygonzales@gmail.com,2021-10-06 03:32:09
278,Kaitlyn Brewer,poperobert@yahoo.com,2024-09-04 03:00:33
279,Marie Boyer,braunjessica@meta.ua,2021-02-10 13:46:43
280,Lance Christian,chendrix@ukr.net,2020-11-22 16:46:04
281,David Koch,wgreen@outlook.com,2022-11-13 05:36:04
282,Melissa Nichols,holly56@hotmail.com,2020-09-26 09:52:09
283,Stacey Collier,jacquelinecurtis@gmail.com,2022-09-01 07:56:34
284,Jesse Stone,mooredennis@i.ua,2023-11-14 10:22:55
285,Jose Barnett,brianhall@hotmail.com,2020-10-21 06:18:38
286,Paul Watkins,keithboone@hotmail.com,2021-04-12 03:33:35
287,Charlotte Mcdaniel,warrenchristopher@outlook.com,2021-11-10 02:09:09
288,Jessica Wheeler,jfox@gmail.com,2022-02-05 09:26:24
289,Kevin Johnson,clarkhannah@gmail.com,2023-01-05 23:43:02
290,Elijah Pearson,zgates@gmail.com,2020-09-26 07:32:10
291,Amy Lawson,rsmith@protonmail.com,2023-04-11 13:44:19
292,Dr. James Griffith PhD,igalvan@yahoo.com,2021-09-27 18:43:12
293,Kayla Green DDS,craig31@yahoo.com,2021-06-05 19:06:32
294,Todd Mckinney,kelsey12@i.ua,2022-09-26 00:03:14
295,Frederick Brown,mwatkins@yahoo.com,2022-07-03 14:24:55
296,Stephanie Lopez,robertsjason@yahoo.com,2021-11-12 10:46:37
297,Anthony Avery,lawrencekerr@outlook.com,2022-05-23 10:20:13
298,Andrew White,tiffanylang@protonmail.com,2021-04-14 10:39:51
299,Charles Wilkins,ibarrasally@meta.ua,2023-12-21 16:14:11
300,Justin Rubio,sking@yahoo.com,2020-11-02 02:04:09
301,Christopher Estrada,bbrooks@hotmail.com,2020-08-10 08:45:47
302,Deborah Garza,stokesfelicia@protonmail.com,2022-02-22 15:15:46
303,Carl Miller,eduardo02@ukr.net,2024-07-06 20:44:22
304,Austin Jones,mwilliamson@ukr.net,2024-06-18 01:20:43
305,Daniel Valdez,kjames@meta.ua,2022-02-08 22:45:33
306,Monica Medina,smithcarlos@hotmail.com,2022-09-29 15:07:15
307,Tammy Estes,moorecynthia@outlook.com,2023-12-23 23:38:19
308,Jason Booth,rebecca69@gmail.com,2022-11-30 22:06:51
309,Carrie Fry,lovegary@outlook.com,2023-02-21 13:39:04
310,Kara Strickland,jennifer00@outlook.com,2020-02-26 00:23:27
311,Alexander Mendoza,austinking@protonmail.com,2022-11-23 17:32:44
312,Nathan Rivera,william53@i.ua,2024-10-19 07:10:30
313,Angela Smith,mooremichael@i.ua,2022-02-08 04:07:05
314,Julie Ward,xsexton@yahoo.com,2020-09-09 16:21:25
315,Kayla Johnston,randyharrell@yahoo.com,2022-08-18 08:19:02
316,Gary Welch,marcstokes@meta.ua,2022-08-08 00:55:33
317,Brittany Lambert,stephensdeborah@gmail.com,2022-12-25 19:29:50
318,Kimberly Sullivan,troywright@outlook.com,2021-03-26 02:37:25
319,James Martinez,charles35@outlook.com,2022-01-10 05:08:17
320,Andrew Chambers Jr.,oking@yahoo.com,2023-09-08 08:14:42
321,Tyler Glover,andreabecker@i.ua,2020-02-07 04:48:10
322,Darren Schroeder,tonya75@yahoo.com,2023-07-22 06:14:28
323,Mason Sullivan,lisa04@i.ua,2022-11-18 08:51:24
324,Roger Lane,donna53@ukr.net,2022-05-08 00:35:41
325,Amy Cooper,nicholas52@ukr.net,2022-06-25 11:55:54
326,Debbie Smith,zhiggins@protonmail.com,2024-01-01 12:36:12
327,Brent Cooke II,susan21@ukr.net,2022-05-01 11:34:30
328,Philip Duncan,jenniferjohnson@meta.ua,2023-04-27 05:45:09
329,Meagan Dickerson,laura95@gmail.com,2021-03-05 20:33:07
330,William Cummings,daniel16@ukr.net,2022-02-13 07:51:20
331,Kendra Evans,lindsayalvarez@yahoo.com,2022-07-16 00:23:56
332,Richard Martinez,roberttran@protonmail.com,2023-06-16 01:45:22
333,Calvin Russell,sandysherman@outlook.com,2023-07-12 01:54:25
334,Misty Adams,lori73@meta.ua,2020-01-05 15:16:33
335,Lindsay White,carrollbrian@outlook.com,2024-05-05 11:14:03
336,Bradley Garcia,floydkarl@gmail.com,2020-02-02 23:36:25
337,Jeremy Vance,andrea55@hotmail.com,2023-04-25 22:43:20
338,Gregory Barker,tyler60@protonmail.com,2022-04-06 03:05:42
339,James Miller,morganjeffrey@outlook.com,2023-12-12 06:01:29
340,Brad Jones,doylecynthia@hotmail.com,2024-02-28 22:19:31
341,Denise Sharp,sarahsoto@protonmail.com,2024-08-13 15:49:12
342,Daniel Chambers,bakeralan@hotmail.com,2022-03-18 17:54:27
343,Tonya Hill,vicki92@gmail.com,2023-10-19 18:05:01
344,Tracy Martin,anthony73@outlook.com,2024-09-03 17:37:58
345,Sandra Williams,amandahenson@hotmail.com,2023-01-08 20:07:57
346,Alan Welch,melendezcharles@outlook.com,2020-07-16 20:51:59
347,Tracey Young,williskimberly@meta.ua,2020-03-04 10:15:33
348,Holly Clark,michelle82@protonmail.com,2021-06-10 10:34:04
349,Brandi Lee,kaylacooper@outlook.com,2024-10-08 05:54:45
350,Rebecca James,theresa32@gmail.com,2020-05-24 18:47:03
351,Cody Richardson,paynematthew@meta.ua,2023-10-14 08:55:30
352,Rhonda House,austinhernandez@protonmail.com,2021-10-02 23:26:13
353,Jamie Holloway,jennifer22@i.ua,2022-06-04 19:10:13
354,Rodney House,xcarter@outlook.com,2021-06-16 10:07:29
355,Nicole Bright,ashleybrown@i.ua,2022-04-26 18:28:05
356,Sharon Rose,pgilbert@meta.ua,2021-07-24 03:55:23
357,Laura Jennings,druiz@yahoo.com,2023-01-28 20:43:46
358,Julia Brown,mitchellmeredith@yahoo.com,2021-05-11 06:22:01
359,Valerie Smith,marshjonathan@outlook.com,2024-04-23 11:05:48
360,Michelle Hicks,alyssa88@meta.ua,2022-08-06 18:06:54
361,Judith Shelton,anthonygarcia@gmail.com,2023-12-11 18:33:32
362,George Jones,bishopjennifer@gmail.com,2022-01-08 02:27:52
363,Michael Henson,valentinekelly@hotmail.com,2020-02-24 14:44:12
364,Scott Saunders,jonathanspears@yahoo.com,2020-04-29 16:28:57
365,Nicholas Brennan,lbrown@meta.ua,2024-09-24 14:07:15
366,Richard Davis,kingdiane@protonmail.com,2023-12-24 20:55:52
367,Melissa Chase,wuamy@ukr.net,2024-03-09 08:55:38
368,Sherry Estrada,michellesmith@ukr.net,2024-04-20 01:41:21
369,Jamie Marshall,brettjones@outlook.com,2020-10-01 17:46:35
370,Christopher Brandt,powellmiranda@ukr.net,2024-09-27 06:44:06
371,Larry Martinez,nalvarez@yahoo.com,2023-08-27 22:56:06
372,Andrew Travis,antonio25@ukr.net,2022-04-15 07:13:02
373,Christopher Brown,nanderson@hotmail.com,2024-11-21 15:24:11
374,Kyle Case,austinbrendan@hotmail.com,2023-06-10 16:33:02
375,Ryan Leon,jwillis@gmail.com,2024-05-28 10:27:26
376,Douglas Vincent,millerdavid@hotmail.com,2020-11-19 18:02:12
377,Nicholas Ray,vpace@gmail.com,2021-08-30 16:40:17
378,Paul Johnson,tyler07@yahoo.com,2020-03-12 14:56:07
379,Hannah Harris,lance73@hotmail.com,2021-04-04 03:14:20
380,Robert Lee,kevin45@i.ua,2024-10-16 01:42:14
381,Kathleen Kelly,wfuentes@meta.ua,2022-08-27 18:59:50
382,Courtney Gregory,bwiggins@i.ua,2020-10-11 23:20:19
383,Michael Gutierrez,oberry@hotmail.com,2024-06-19 02:15:14
384,Cameron Hughes,jameslee@i.ua,2023-02-28 08:40:10
385,Mary Taylor,umaldonado@protonmail.com,2023-09-25 22:02:32
386,Samuel Vaughan,lgonzalez@yahoo.com,2020-03-01 16:02:03
387,Ms. Vanessa Ortiz MD,wclayton@gmail.com,2021-01-06 10:53:53
388,Jill Copeland,amybailey@outlook.com,2024-10-02 12:25:11
389,Teresa Bennett,santiagokimberly@gmail.com,2020-11-24 21:57:00
390,Richard Fisher,patriciajackson@i.ua,2024-02-10 03:44:12
391,Patricia Garcia,josephwilson@protonmail.com,2022-05-14 12:18:28
392,Carolyn Maddox,william67@gmail.com,2022-11-18 20:50:22
393,Brittany Bentley,blee@gmail.com,2023-05-14 00:25:15
394,George Wilcox,uhampton@meta.ua,2021-05-10 21:33:01
395,Vernon Todd,johnsonstephanie@ukr.net,2023-06-16 23:31:25
396,Gregory Evans,xwilliams@protonmail.com,2024-11-15 10:07:02
397,Jennifer Cooper,nicholasdawson@outlook.com,2021-04-27 06:58:56
398,Nathan Perry,tflores@protonmail.com,2021-06-24 01:39:33
399,Christine White,robert87@hotmail.com,2021-09-30 18:39:35
400,Daniel Smith,colonwilliam@ukr.net,2020-07-13 18:25:25
401,Phyllis White,lauramonroe@yahoo.com,2021-11-23 11:02:16
402,Lisa Franklin,matthew31@ukr.net,2021-01-10 00:15:44
403,Kenneth Walters,todd73@outlook.com,2021-06-30 09:06:47
404,Dr. Anthony Kirk,scottwright@yahoo.com,2023-02-04 07:12:30
405,Dawn Robbins,christopherwebb@i.ua,2020-06-01 17:19:51
406,Sheryl Winters,evelyn08@i.ua,2020-06-25 20:36:43
407,Deborah Smith,lbarron@protonmail.com,2022-03-25 23:36:11
408,Michael Young,kgonzalez@ukr.net,2020-08-23 16:12:40
409,Michele Hawkins,robinsonphilip@protonmail.com,2020-07-24 10:41:30
410,Alexis Gonzales,zsmith@meta.ua,2021-06-11 01:30:30
411,Margaret Lee,davisalbert@protonmail.com,2020-06-12 21:43:13
412,Mary Castillo,tammy39@outlook.com,2024-10-23 16:10:21
413,Jessica Carrillo,aaronpetty@protonmail.com,2023-02-03 01:10:39
414,Ashley Bates,scunningham@ukr.net,2024-05-01 20:17:11
415,Dawn Carrillo,hollydixon@i.ua,2022-10-11 06:00:12
416,Thomas Smith,norristammy@meta.ua,2023-08-09 06:18:24
417,Alexis Miller,theresa40@ukr.net,2020-08-04 03:57:57
418,Catherine Lloyd,howardhubbard@yahoo.com,2023-08-08 16:43:36
419,Joseph Bridges,john04@outlook.com,2022-05-24 06:24:32
420,Gary Ortiz,hurleybrandon@yahoo.com,2023-12-13 09:57:28
421,Chelsey Nguyen,fieldsmicheal@outlook.com,2021-03-21 09:05:34
422,Mark Patton,erindixon@protonmail.com,2020-08-28 18:36:37
423,Anthony Mills,jessicastein@hotmail.com,2020-03-09 19:19:39
424,Amy Wang,jennifermartin@outlook.com,2022-10-08 18:00:07
425,Derrick Macias,michael97@protonmail.com,2023-07-28 06:23:30
426,Jessica Smith,yflores@gmail.com,2020-06-13 21:54:58
427,Stephen Fisher,swilliams@gmail.com,2024-11-16 17:30:16
428,Heather Summers,stacy38@outlook.com,2023-03-16 02:22:15
429,Adrienne Booth,joel83@gmail.com,2024-09-22 01:37:22
430,Stephen Hayes,mccallalexandra@meta.ua,2023-03-18 15:18:10
431,Pamela Jones,millerjane@protonmail.com,2022-05-13 06:32:59
432,Lynn Mccarty,harrisonnathan@outlook.com,2022-12-15 08:28:18
433,Brittany Mora,amy37@outlook.com,2024-11-15 23:30:33
434,Miguel Moon,ycook@yahoo.com,2024-02-06 03:55:23
435,Andrea Estes,james20@ukr.net,2023-01-05 19:16:37
436,Michael May,hclark@yahoo.com,2024-08-03 08:03:16
437,Joshua Williams,evansnicholas@i.ua,2020-07-25 03:57:41
438,Madison West,erin85@outlook.com,2020-08-05 16:22:55
439,Samantha York,douglaskline@i.ua,2023-02-11 10:02:22
440,Mary Hall,sandovaltammy@ukr.net,2024-07-24 18:46:14
441,Gerald Mayer,asandoval@i.ua,2021-05-19 10:02:02
442,Frank Davis,bradley32@outlook.com,2023-12-21 21:03:27
443,Jonathan Savage,lisa53@meta.ua,2021-07-29 09:55:30
444,Harry Deleon,finleyjessica@gmail.com,2023-11-11 21:11:11
445,Tricia Cross,kaylaaguilar@outlook.com,2020-04-01 04:55:59
446,Jenna Gallegos,ocampos@hotmail.com,2021-03-11 20:01:44
447,Diane Hopkins,shawnjohnston@outlook.com,2021-08-17 19:08:12
448,Sara Burke,anthonywells@i.ua,2020-07-28 16:03:31
449,Frank Brown,diamondrussell@hotmail.com,2021-01-12 12:37:11
450,Julie Nelson,zgomez@meta.ua,2020-04-07 06:15:39
451,Meredith Walters,amberwilliams@yahoo.com,2020-06-14 07:16:27
452,Derek Coleman,thompsonmichael@gmail.com,2024-08-23 05:19:30
453,Cynthia Oliver,jeffreyhess@i.ua,2022-01-17 16:59:27
454,Marcus Jacobs,dkennedy@ukr.net,2021-03-09 12:58:57
455,William Kelly,cheyenne05@yahoo.com,2021-05-18 20:44:13
456,Natalie Hines,allenconnie@meta.ua,2024-08-30 14:38:33
457,Gary Burke,unguyen@ukr.net,2022-04-21 15:34:37
458,Margaret Knox,christopherguerra@gmail.com,2021-03-20 15:30:22
459,Shannon Kramer,sandrawilliams@yahoo.com,2021-03-19 23:03:52
460,Donna Valdez,staylor@hotmail.com,2020-10-12 17:40:45
461,Carla Bradford,davismonica@ukr.net,2023-08-26 10:59:29
462,Daniel Gross,johnglenn@ukr.net,2021-09-02 02:52:01
463,Stacy Robinson,sparks@outlook.com,2024-10-02 17:07:13
464,Sherry Gonzalez,rlara@yahoo.com,2021-06-29 01:34:30
465,Samantha Wiley,brucesantos@i.ua,2021-12-10 03:55:47
466,Alicia Jones,riverakenneth@outlook.com,2024-11-18 14:30:45
467,Cassandra Barnett,pcarpenter@yahoo.com,2024-10-30 09:06:31
468,Elizabeth Mack,sheltonchad@ukr.net,2020-03-29 10:51:09
469,Charles Knight,othompson@ukr.net,2022-02-21 05:29:33
470,Krista Dodson,julie33@hotmail.com,2023-08-09 17:58:38
471,Michele Cruz,vreynolds@meta.ua,2022-02-25 01:23:57
472,Kimberly Ross,olsenrobert@i.ua,2024-01-05 19:45:25
473,Brandon Smith,timothy16@ukr.net,2021-09-23 10:53:17
474,Jesse Burns,jenniferbecker@ukr.net,2020-02-26 20:40:38
475,Marcus Romero,reginald28@yahoo.com,2021-05-31 15:27:19
476,Jessica Smith,brandywade@protonmail.com,2024-06-26 18:45:15
477,George Hayes,davidgarcia@protonmail.com,2020-01-09 05:08:54
478,Christine Rogers,andrewnelson@protonmail.com,2023-09-26 00:10:14
479,Kevin Martinez,mortoneric@hotmail.com,2023-11-04 05:21:55
480,Justin Williams,haneydaniel@meta.ua,2021-04-06 15:37:12
481,Crystal Peterson,christopherspencer@meta.ua,2023-01-02 13:21:23
482,Carolyn Robbins,shortsheri@meta.ua,2024-08-26 09:34:37
483,Kristin Johnson,kellyday@meta.ua,2022-07-25 11:28:52
484,Alexander Hernandez,petersonjennifer@protonmail.com,2022-08-09 04:56:13
485,Maurice Chavez,richard29@gmail.com,2020-04-22 18:13:48
486,Kimberly Davidson,christopher41@yahoo.com,2024-05-01 23:08:21
487,James Jones,dawn21@i.ua,2020-02-27 19:44:09
488,Brian Jacobs,ysmith@outlook.com,2022-04-08 20:14:10
489,Kayla Hayes,hernandezkelsey@gmail.com,2022-08-31 05:14:22
490,Regina Aguirre,allenjerry@meta.ua,2021-06-19 05:24:00
491,Connor Clark,grahamthomas@ukr.net,2020-09-17 23:08:56
492,Meghan Burton,jorgeanderson@hotmail.com,2023-03-14 09:16:38
493,Michelle Nelson,sturner@hotmail.com,2022-07-01 05:10:57
494,Tonya Henderson,jeffreyschultz@gmail.com,2022-08-06 12:03:50
495,Robert Luna,ocordova@hotmail.com,2021-12-20 03:49:00
496,Tracy Fuentes,michael72@gmail.com,2024-08-20 13:53:31
497,Robert Fleming,gvillarreal@gmail.com,2023-05-04 18:56:18
498,Robert Miller,rhodeskyle@protonmail.com,2021-07-11 19:25:08
499,Noah Knapp,stewartkimberly@hotmail.com,2022-10-20 12:58:13
500,Maurice Holloway,gary56@i.ua,2024-01-01 15:19:40
501,Mark Fowler,cmiller@i.ua,2021-05-03 00:44:20
502,Trevor Walker,wwhite@outlook.com,2020-10-16 03:41:51
503,Kathryn Cross,elizabethdavis@gmail.com,2023-01-26 13:53:50
504,James Holmes,cynthia82@protonmail.com,2020-07-03 00:09:26
505,Stanley Morrison,katherine03@protonmail.com,2020-12-15 11:29:36
506,Austin Evans,rebeccaarmstrong@outlook.com,2022-05-25 13:23:49
507,James Cervantes,jeffreysampson@gmail.com,2021-07-15 16:45:48
508,Ashley Newman,jessicabradford@hotmail.com,2023-08-21 05:10:32
509,Nicole Smith,travis61@yahoo.com,2022-09-13 08:27:37
510,Mr. Kerry Nguyen,matthew91@meta.ua,2024-04-28 01:10:44
511,Daniel Miller,brooksrichard@outlook.com,2020-03-19 19:14:38
512,Marissa Nelson,vwarner@yahoo.com,2023-07-28 18:14:55
513,Christopher Williams,michealvincent@gmail.com,2020-08-23 10:38:57
514,Melissa Gonzalez,timothy68@protonmail.com,2020-05-15 19:30:05
515,James Sullivan,justinhubbard@hotmail.com,2020-04-17 17:07:39
516,Jordan Gonzalez,kevin84@gmail.com,2023-01-25 06:54:56
517,Susan Murray,webbderek@outlook.com,2020-09-01 23:24:17
518,Mrs. Lisa Navarro,grahamheather@yahoo.com,2023-11-02 12:24:41
519,Brenda Morgan,salazarchristina@yahoo.com,2022-10-10 11:50:45
520,Chelsea Mejia,sara02@outlook.com,2021-07-26 02:27:38
521,Anthony Ali,bradley76@outlook.com,2022-04-10 13:17:35
522,Jamie Wallace,kristinhall@gmail.com,2023-04-20 14:41:34
523,Elizabeth Smith DDS,ybryant@i.ua,2021-08-24 07:10:56
524,Andrew Ramos,quinnstephanie@gmail.com,2023-07-18 00:29:37
525,Brittany Chambers,carterbrenda@gmail.com,2023-04-28 16:42:58
526,Michael Strong,jodywillis@outlook.com,2021-07-15 17:23:35
527,Adrienne Owens,stacy54@gmail.com,2021-11-20 15:50:10
528,Victoria Giles,davischristina@meta.ua,2021-06-27 05:47:58
529,Audrey Hernandez,robinsonsylvia@outlook.com,2023-12-30 18:28:40
530,Robert Walker,kmccarty@yahoo.com,2024-09-27 02:18:07
531,Joe Smith,heatherflores@protonmail.com,2023-02-13 05:38:21
532,Madison Morrison,kdavis@meta.ua,2020-03-30 15:32:55
533,Eric Marks,james23@gmail.com,2021-07-04 11:54:26
534,Tommy Norris,rodriguezgabriel@i.ua,2022-04-26 10:35:59
535,Sheena Lamb,melvinolson@i.ua,2020-10-06 11:39:32
536,Selena Williams,molinaalexandra@meta.ua,2022-08-21 18:43:37
537,Valerie Briggs,qromero@protonmail.com,2022-06-26 03:44:15
538,Katie Aguirre,williamsamanda@hotmail.com,2024-06-11 04:51:25
539,Gabriel Smith,christopher31@meta.ua,2022-05-31 15:06:31
540,Tony James,gary31@outlook.com,2024-03-16 07:55:14
541,Richard Rios,xpoole@meta.ua,2020-02-20 18:14:08
542,Nathan Galloway,latoyacrawford@yahoo.com,2021-05-17 05:42:04
543,Katherine Bender,npace@ukr.net,2020-06-15 22:23:17
544,Laura Harrell,rebeccamaddox@gmail.com,2022-12-29 02:13:10
545,Christian Morgan,charles68@protonmail.com,2020-01-30 07:28:22
546,Rachel Jennings,steven75@protonmail.com,2022-02-02 19:18:02
547,Erica Wilson,cynthia95@yahoo.com,2022-11-17 13:50:25
548,Connie Clark,wendywarren@yahoo.com,2023-03-03 07:03:04
549,Christina Powell,christine00@meta.ua,2021-03-26 23:18:23
550,Amanda Garner,hdonaldson@outlook.com,2021-01-05 02:22:02
551,Sherry Palmer,denise59@meta.ua,2024-06-16 09:30:50
552,James Hernandez,emiller@i.ua,2023-05-10 20:45:16
553,Lauren Gross,pwhite@ukr.net,2023-12-13 06:14:28
554,Carmen Flores,chad45@i.ua,2021-07-19 08:07:01
555,Stacey Robinson,wongjustin@protonmail.com,2023-11-01 04:22:02
556,Crystal Reed,mfreeman@outlook.com,2023-02-26 18:53:16
557,Tamara Evans,schmidtshane@yahoo.com,2021-05-04 13:34:43
558,Edward Baldwin,wwhite@ukr.net,2022-06-02 19:15:50
559,Evelyn Brown,ylindsey@hotmail.com,2023-01-04 07:59:51
560,Alicia Cook,luis20@hotmail.com,2022-06-06 17:49:58
561,Antonio Crawford,hernandezstacey@outlook.com,2023-09-08 11:16:51
562,Alex Hamilton,mitchellsamantha@outlook.com,2023-04-05 21:12:34
563,Sara Harris,kayleehenry@i.ua,2022-03-24 06:59:17
564,Dale Savage,jeffersonsteve@outlook.com,2024-01-02 10:43:04
565,Sean Preston,agomez@outlook.com,2020-07-06 07:10:07
566,Brett Cannon,tiffany84@yahoo.com,2023-01-08 23:01:23
567,Jennifer Baxter,samuelolson@gmail.com,2021-11-18 15:40:57
568,Carrie Lam,lisa67@yahoo.com,2023-04-12 06:58:07
569,Brenda Byrd,amycox@hotmail.com,2023-10-07 22:26:14
570,Anthony Mullen,ashleyhodges@hotmail.com,2020-12-16 20:06:23
571,Matthew Roy,scottcurtis@ukr.net,2023-08-18 12:10:52
572,Justin Mckinney,chendaniel@outlook.com,2023-01-19 05:20:31
573,Mark Perry,rgreene@ukr.net,2023-08-30 14:54:09
574,Jessica Mcgee,brianmartin@gmail.com,2020-12-01 13:19:32
575,Brittany Moore,oconnormichael@meta.ua,2022-02-06 17:48:13
576,Jonathan Gonzalez,davisjessica@hotmail.com,2021-06-08 13:16:00
577,Victoria Blanchard,ngilbert@i.ua,2023-06-12 12:21:49
578,Maria Smith,brenda00@meta.ua,2022-09-23 19:18:35
579,Michael Hill,fhunter@meta.ua,2021-07-08 10:12:48
580,Elizabeth Graham,katrina55@meta.ua,2020-11-11 19:12:05
581,Kyle Peters,clarkvictoria@meta.ua,2022-10-10 21:54:55
582,Robin Bailey,feliciabennett@i.ua,2022-08-25 11:18:11
583,Mrs. Kari Butler,garciapatrick@outlook.com,2021-03-08 07:51:04
584,Casey Monroe,vcopeland@meta.ua,2021-02-25 01:01:24
585,Christopher Gibbs,amanda26@ukr.net,2020-07-23 21:27:50
586,Alejandro Aguilar,ocontreras@outlook.com,2024-03-29 04:28:46
587,Kevin Price,psimon@yahoo.com,2023-12-02 12:07:34
588,Nicole Wallace,brent99@meta.ua,2021-05-28 02:48:44
589,Michael Shah,pperkins@yahoo.com,2024-10-02 07:57:58
590,Luis Long,scruz@gmail.com,2020-08-26 03:22:19
591,Jessica Mcgee,greenmelinda@hotmail.com,2021-01-08 22:47:50
592,Kevin Morris,lisaarnold@yahoo.com,2024-05-11 07:51:58
593,Shane Bailey,brandonwagner@yahoo.com,2023-04-24 05:17:51
594,Paul Munoz,dixondale@hotmail.com,2023-06-02 08:18:36
595,Jeremy Harris,hobbsmary@yahoo.com,2023-12-16 14:12:49
596,Jasmine Taylor,randall81@i.ua,2023-01-25 16:20:34
597,Joel Bass,teresafisher@gmail.com,2023-03-30 04:47:09
598,Kathy Parrish,tuckercarolyn@ukr.net,2024-11-03 23:48:46
599,Robin Perkins,davidlin@meta.ua,2023-09-27 14:47:54
600,Cassidy Ferguson,mitchellabigail@hotmail.com,2022-08-11 18:32:39
601,John Ross,emily47@yahoo.com,2022-06-14 06:26:58
602,Christopher Ibarra,williamscaitlin@yahoo.com,2020-11-04 17:07:29
603,Jason Moreno,jorgelawrence@protonmail.com,2022-06-17 05:41:35
604,Tina Moore,smiller@i.ua,2024-04-30 00:00:37
605,Danielle Moore,ashleydavis@meta.ua,2020-02-12 08:54:29
606,Joyce Murphy,castanedakatie@meta.ua,2022-04-09 16:53:14
607,Brandon Jenkins,smithsusan@protonmail.com,2021-05-04 20:32:25
608,Kevin Baxter,otucker@meta.ua,2020-06-02 09:36:48
609,Matthew Aguirre,sanchezmichele@meta.ua,2022-05-30 12:40:31
610,Nancy Griffin,wbrown@protonmail.com,2021-12-29 21:15:46
611,Edward Stephens,malonesusan@meta.ua,2024-08-23 21:39:43
612,Adam Thompson,millerwilliam@outlook.com,2020-07-17 13:34:40
613,Matthew Garcia,chavezkimberly@gmail.com,2020-08-23 04:40:25
614,Kenneth Taylor,vlopez@yahoo.com,2022-05-14 06:50:08
615,Sergio Barrett,wbailey@ukr.net,2021-07-17 12:42:51
616,Matthew Valencia,amychambers@yahoo.com,2024-08-07 18:50:22
617,Jasmine Jenkins,matthew09@outlook.com,2022-08-21 01:11:07
618,Jonathan Williamson,pyork@i.ua,2021-06-14 14:18:18
619,Javier Carroll,coxmichael@gmail.com,2020-09-11 07:01:56
620,Jay Melendez,williamsamanda@meta.ua,2024-02-02 08:56:18
621,Mrs. Samantha Wilkinson,melissa51@protonmail.com,2020-02-29 19:23:24
622,Jason Adams,amy71@yahoo.com,2023-11-15 12:41:44
623,Sandra Fowler,kimberlyaustin@i.ua,2023-09-24 06:15:42
624,Anthony Combs,lindseycook@gmail.com,2022-08-17 04:25:13
625,Mary Hardy,simsrebecca@hotmail.com,2021-11-01 18:04:53
626,James James,phillip52@i.ua,2022-02-01 11:46:11
627,Tom Brown,sanchezjennifer@i.ua,2024-02-11 16:16:15
628,Scott Molina,ronald07@ukr.net,2024-06-25 16:31:39
629,Janet Lloyd,jenniferkelley@gmail.com,2024-03-17 13:15:41
630,Jodi Cobb,sarahmorrison@ukr.net,2022-06-14 15:31:25
631,Cheryl Estrada,crystalgonzalez@hotmail.com,2021-01-01 09:21:32
632,Holly Martinez,kcallahan@meta.ua,2021-05-18 04:18:41
633,Ashley Bell,aaronsanchez@ukr.net,2021-04-21 04:47:24
634,Heather Erickson,jonathan29@outlook.com,2022-06-29 03:39:11
635,Diane Baker,johnsontimothy@protonmail.com,2022-01-17 01:15:39
636,Dr. Deborah Howell,ashleyrogers@outlook.com,2022-08-18 06:41:42
637,Heather Smith,alyssamoore@meta.ua,2024-09-03 16:55:04
638,Patricia Reynolds,melissalee@hotmail.com,2021-05-05 14:07:21
639,Darrell Serrano,carterterrence@i.ua,2023-06-18 01:53:24
640,Janice Smith DVM,davidcolon@hotmail.com,2023-10-02 09:08:47
641,James Sanford,michelle17@hotmail.com,2021-11-14 05:45:22
642,Ricky Schultz,uanderson@protonmail.com,2021-05-22 23:28:12
643,Christopher Silva,myersdeborah@i.ua,2024-06-23 01:59:07
644,David Charles,henrydanielle@hotmail.com,2020-05-30 10:20:03
645,Kimberly Rogers,benjaminfigueroa@meta.ua,2024-07-14 09:51:08
646,Michael Barnes,clarkrichard@meta.ua,2021-02-09 20:04:54
647,Lisa Perry,kyle47@outlook.com,2023-01-26 15:51:06
648,Juan Robbins,taylorlarry@protonmail.com,2020-08-16 18:40:58
649,Marco Adkins,ibowen@outlook.com,2021-03-28 09:42:30
650,Beth Washington,jenkinsbrianna@meta.ua,2022-01-20 18:50:17
651,Dylan Cole,natashaalvarez@yahoo.com,2022-05-05 07:20:09
652,Phillip Page,vpage@hotmail.com,2020-11-22 12:55:04
653,Andrew Cooper,nhopkins@outlook.com,2021-04-15 01:38:41
654,David Swanson,coreywilliams@meta.ua,2022-07-08 20:29:50
655,Ryan Sexton,erinwelch@protonmail.com,2020-10-04 22:07:58
656,Brandi Hughes,ksmith@ukr.net,2022-09-15 21:12:51
657,Carol Meyer,chadshaw@gmail.com,2021-10-11 05:32:18
658,Heather Wallace,rmorgan@meta.ua,2022-10-13 05:42:19
659,Jacob Bass,joelwalker@protonmail.com,2023-06-07 03:38:00
660,Kaitlin Ponce,fieldsmitchell@hotmail.com,2023-07-18 12:47:40
661,Susan Johnson,jeffery38@yahoo.com,2023-07-28 01:33:47
662,Robert Hartman,reedthomas@yahoo.com,2022-11-30 20:12:28
663,Linda Gomez,yallen@ukr.net,2022-07-22 01:09:35
664,Kevin Whitehead,christopher32@meta.ua,2020-06-03 03:36:47
665,Scott Conway,edeleon@meta.ua,2021-03-27 09:40:23
666,Laura Randall,yerickson@hotmail.com,2022-08-01 03:59:53
667,James Smith,briannataylor@i.ua,2021-07-09 08:23:36
668,Mark May,karawilliamson@protonmail.com,2024-09-21 21:09:41
669,Michael Shepherd,hunterpeggy@ukr.net,2023-07-23 14:33:13
670,Daniel Williams,nicholas14@hotmail.com,2021-12-18 04:59:53
671,Michelle Moran,garcialorraine@ukr.net,2021-04-24 11:51:29
672,Robert Martin,tracybyrd@hotmail.com,2022-05-20 07:54:19
673,Hunter Weiss,dakota63@gmail.com,2023-07-12 20:27:00
674,Lee Johnson,jessica19@yahoo.com,2020-05-10 14:48:46
675,Lisa Mora,allisonsuarez@outlook.com,2021-05-02 19:36:50
676,Robert Harris,heatherhernandez@gmail.com,2021-08-29 00:34:42
677,Annette Davis,griffinjeffrey@outlook.com,2023-08-08 09:10:06
678,Timothy Perez,vguzman@yahoo.com,2022-03-13 09:44:07
679,James Martinez,zmorgan@yahoo.com,2024-04-19 11:38:16
680,Steven Bishop,jordan28@ukr.net,2021-06-21 17:08:24
681,Jeffrey Chaney,darren59@ukr.net,2020-07-15 19:44:54
682,Elizabeth Osborne,ericksonsarah@yahoo.com,2023-08-25 19:40:26
683,Kevin Miranda,marksjustin@hotmail.com,2022-09-12 15:16:35
684,Wendy Briggs,michael53@outlook.com,2023-05-06 11:38:11
685,Gina Rodgers,roblesangela@gmail.com,2020-02-09 22:18:51
686,Eric Robles,smithjavier@hotmail.com,2024-08-12 13:23:38
687,David Marshall,adavis@outlook.com,2022-05-02 05:46:59
688,Karen Smith,hollyanthony@outlook.com,2020-09-01 22:06:34
689,Marco Hubbard,burgessjay@protonmail.com,2022-10-10 17:13:26
690,Michael Lee,peterwilson@yahoo.com,2021-03-07 10:51:09
691,Erin Cruz,trodriguez@meta.ua,2024-09-01 19:35:46
692,Allison Lloyd,sheryl24@i.ua,2023-09-18 05:12:14
693,Amanda Guerrero,angelagarcia@outlook.com,2021-09-17 07:23:14
694,Evan Rodriguez,jeffwatson@yahoo.com,2022-02-21 16:46:12
695,Oscar Lambert,hharris@i.ua,2024-02-08 17:23:38
696,Jerry Harris,amy79@hotmail.com,2020-03-09 05:35:12
697,Ivan Davis,sarah14@yahoo.com,2023-12-05 07:39:58
698,Matthew Hurst,melissacase@yahoo.com,2023-07-01 03:05:58
699,Kevin Rojas,cpowers@i.ua,2022-06-09 19:08:53
700,Nathan White,sharon56@protonmail.com,2020-03-18 08:09:29
701,Zachary Wood,lindsayhammond@yahoo.com,2021-08-15 14:56:44
702,Ashley Coleman,patrickkoch@yahoo.com,2022-12-13 20:56:01
703,Gwendolyn Garcia,wilsonamy@i.ua,2021-09-30 21:29:26
704,Robert Frank,davidrose@yahoo.com,2020-08-11 18:53:28
705,Gregg Anthony,michaelcampbell@protonmail.com,2020-03-23 07:20:14
706,Elizabeth Jones,jamesgutierrez@yahoo.com,2024-07-21 03:02:46
707,Laura Hood,hugheskrista@protonmail.com,2022-06-03 01:20:34
708,Robert Taylor,erika33@hotmail.com,2020-05-31 17:07:56
709,Gina Howard,drangel@outlook.com,2021-07-04 02:01:00
710,Daniel Johnson,bryancochran@i.ua,2021-07-13 16:22:03
711,Charles Osborne,xdixon@outlook.com,2020-05-26 19:59:41
712,Gloria Moon,aaronmills@yahoo.com,2023-06-18 18:26:53
713,Cassandra Hunt,gregorybartlett@i.ua,2020-09-13 18:59:40
714,Gary Pearson,elizabethfuller@gmail.com,2024-11-29 12:41:31
715,Monica Brady,tina98@outlook.com,2020-09-23 15:48:34
716,Richard Fisher,dannyweeks@gmail.com,2022-06-25 01:02:25
717,Mark Everett,penny56@i.ua,2024-04-22 07:44:26
718,Kenneth Martinez,kelly89@meta.ua,2021-05-03 09:21:57
719,Katrina Graham,pmendez@protonmail.com,2022-04-28 23:43:42
720,Dr. Rebecca Campbell,liutiffany@protonmail.com,2023-08-08 08:35:20
721,Michael Brown,wpotter@outlook.com,2021-08-24 05:02:02
722,Melissa Smith,kimberly20@outlook.com,2020-01-23 22:08:17
723,Dustin Bird,gregorytaylor@gmail.com,2022-08-10 23:08:20
724,Sandy Burke,nvillegas@outlook.com,2022-06-01 04:29:07
725,Michael Newman,melissajensen@ukr.net,2024-01-25 15:32:36
726,Peter Velazquez,watkinslisa@ukr.net,2023-10-13 10:40:49
727,Wesley Edwards,fparker@outlook.com,2021-07-13 17:31:29
728,Ernest Campbell,ballamy@meta.ua,2022-02-08 12:11:45
729,Lisa Green DDS,randyjackson@ukr.net,2024-02-26 17:22:21
730,Amy Simpson,oconnorjason@i.ua,2021-05-16 12:50:51
731,Aaron Perkins,thomastimothy@hotmail.com,2022-02-28 03:07:28
732,Joy Miles,joshua94@gmail.com,2021-02-26 18:06:00
733,Katie Watson,tammymoore@ukr.net,2021-12-22 02:06:59
734,Laura Meza,pattersontyler@i.ua,2023-08-24 15:23:42
735,Gary Long,kimberly45@meta.ua,2020-06-08 15:29:24
736,Patricia Reynolds,qmooney@ukr.net,2021-05-26 06:55:44
737,Andrew Kerr,jeremy81@i.ua,2024-09-16 06:13:30
738,Arthur Santiago,hernandezlori@outlook.com,2021-03-03 12:20:46
739,James Webb,xmorris@protonmail.com,2022-12-13 06:34:31
740,Jennifer Diaz,kavila@outlook.com,2021-09-13 01:13:11
741,Brandon Martinez,rogerrichardson@ukr.net,2024-04-03 08:09:24
742,Brian Donovan,michael69@outlook.com,2022-04-08 08:36:22
743,Paul Day,tyler62@gmail.com,2020-05-18 08:51:03
744,Christopher Barrera,kyle35@outlook.com,2023-11-10 12:33:44
745,Cheyenne Johnson,ycarter@yahoo.com,2024-09-20 01:13:40
746,William Lambert,bakermelissa@gmail.com,2021-03-03 06:37:26
747,Stacy Steele,bethany00@outlook.com,2021-08-19 20:39:23
748,Patricia Church,lucas86@yahoo.com,2021-01-01 19:46:11
749,Kelly Roberts,jacksontina@meta.ua,2021-07-10 22:27:44
750,Chad Krause,huntangelica@hotmail.com,2022-01-20 06:37:30
751,Katherine Walker,xpennington@meta.ua,2020-12-02 14:57:41
752,Jennifer Alvarez,randyglenn@outlook.com,2020-02-21 03:19:44
753,Kaitlyn Clark,jessicabates@outlook.com,2020-07-10 16:39:59
754,Ronnie Hampton,zgreen@meta.ua,2022-03-28 06:48:36
755,Rebecca Cruz,brenda12@gmail.com,2023-03-11 18:54:32
756,William Jones,hopkinskenneth@yahoo.com,2024-05-22 19:49:20
757,Micheal Warren,williamsallison@i.ua,2022-09-23 04:51:53
758,Tammy Robinson,egonzalez@ukr.net,2021-06-03 08:27:09
759,Karen Proctor,shawn00@i.ua,2022-12-29 20:31:38
760,Jennifer Davidson,woodwardwhitney@ukr.net,2022-04-05 00:05:58
761,Toni Glenn,bethmann@gmail.com,2022-01-20 07:47:50
762,Crystal Page,sbowers@ukr.net,2021-09-08 15:37:24
763,Christina Jones,elewis@gmail.com,2020-03-03 16:18:10
764,Kari Cooper,frankwilliamson@gmail.com,2023-05-01 23:29:12
765,Anna Holmes,gillevan@hotmail.com,2023-03-21 22:38:09
766,Lindsay Martinez,owensmeghan@yahoo.com,2021-05-18 20:51:29
767,Cassandra Love,shawntapia@protonmail.com,2023-01-27 15:07:41
768,Fred Frye,zmack@yahoo.com,2024-02-06 21:23:41
769,Gregory Smith,rpatton@hotmail.com,2021-05-26 20:54:19
770,Christopher Malone,dhobbs@outlook.com,2021-04-04 00:11:10
771,Sandra Burnett,lgoodman@i.ua,2021-04-17 02:55:15
772,Joshua Acosta,scottgary@outlook.com,2020-04-05 20:17:37
773,Katelyn Thompson,katherine37@outlook.com,2023-01-17 02:22:05
774,Rebekah Ortiz,shelbymiller@outlook.com,2020-08-07 22:56:39
775,Jennifer Anderson,stephanie82@hotmail.com,2021-01-12 05:02:14
776,Kimberly Davidson,hopkinssean@ukr.net,2023-08-04 05:17:53
777,Justin Schroeder,kelly38@outlook.com,2022-05-22 12:42:51
778,Michael Franklin,barrerakathleen@gmail.com,2023-12-15 06:54:45
779,Daniel Dorsey,frazierdenise@yahoo.com,2020-04-06 14:53:39
780,Cindy Villanueva,woodsjames@yahoo.com,2021-11-01 19:59:59
781,Jacob Scott,thomasvictor@meta.ua,2021-05-04 23:10:57
782,Peter Jennings,vtaylor@protonmail.com,2023-11-17 20:42:09
783,Pamela Nelson,elizabeth58@protonmail.com,2022-07-02 01:29:01
784,Tina Morrison,hernandezdebra@i.ua,2023-01-19 22:25:28
785,Lisa Johnson,yvettehill@i.ua,2023-07-17 14:13:48
786,Tina Warner,rwhite@yahoo.com,2024-04-20 10:31:25
787,Jill Carr,pyoung@gmail.com,2024-08-24 11:08:41
788,Denise Price,kaitlinmyers@yahoo.com,2021-09-30 00:04:41
789,Michelle Estes,jessicagonzalez@i.ua,2020-04-28 02:41:17
790,James Holt,ksanchez@ukr.net,2023-04-14 11:25:35
791,Sandra Wilson,zachary27@hotmail.com,2022-05-05 16:13:06
792,Meredith Allen,rowejennifer@gmail.com,2021-09-06 01:29:03
793,Ethan Allen,sean68@ukr.net,2022-01-04 23:37:33
794,Kenneth Weaver,calvarado@meta.ua,2020-05-02 08:51:28
795,Robert Chung,wadetimothy@yahoo.com,2020-09-11 21:13:52
796,Michele Jackson,cross@protonmail.com,2024-02-25 15:50:57
797,Sandra Hernandez,smithmichael@ukr.net,2021-11-20 17:48:52
798,Samantha Harrington,jesusballard@yahoo.com,2021-06-14 03:01:06
799,Sheena Hernandez,elizabethstrickland@ukr.net,2024-05-14 15:58:50
800,Tina Parker,etyler@outlook.com,2023-02-12 08:15:31
801,Shannon Mccoy,crawfordrobin@outlook.com,2023-09-15 03:28:04
802,Wendy Phelps,mbenton@hotmail.com,2021-10-11 11:57:01
803,Rachael Johnson,jennifersmith@outlook.com,2021-07-28 15:31:01
804,Daniel Pacheco,tlopez@yahoo.com,2023-12-20 15:58:40
805,Rachel Jordan,cunninghamterrance@outlook.com,2022-04-08 18:46:44
806,Travis Hall,fwilliams@yahoo.com,2024-08-15 18:27:21
807,Charles Jimenez,harrisonjeremy@gmail.com,2020-07-06 16:04:06
808,Vincent Walls,bonnie40@i.ua,2023-02-26 23:31:25
809,Adam Brooks,zacharyguerra@i.ua,2020-04-05 05:31:49
810,Jason Conley,tracycole@i.ua,2024-03-09 13:57:11
811,Julie Rodriguez,williamslinda@outlook.com,2024-04-09 17:54:16
812,Shawn Johnson,connie80@outlook.com,2022-11-01 14:54:10
813,Michael Morrison,rodneymoon@protonmail.com,2024-06-25 01:37:53
814,Mrs. Darlene Gross,laurafrancis@protonmail.com,2023-09-03 04:39:12
815,Michael Steele,osmith@outlook.com,2020-02-07 04:04:31
816,Joel Rubio,gregoryphillips@gmail.com,2021-12-18 12:55:41
817,Ashley Duarte,brittneyjohnson@gmail.com,2021-06-03 18:55:26
818,Laura Sexton,hallderek@hotmail.com,2021-06-15 19:31:31
819,Allison Jones,ncooley@ukr.net,2020-06-27 12:24:09
820,Elaine Howard,nicole48@outlook.com,2023-06-12 10:15:55
821,Christine Clark,ufox@outlook.com,2024-03-09 01:59:14
822,Vanessa Davis,rick50@gmail.com,2024-11-11 04:42:44
823,Michael Chang,roger03@protonmail.com,2023-09-14 15:19:42
824,Maria Castaneda,kellerbarbara@i.ua,2021-11-14 02:09:00
825,Kathryn Davis,michellevazquez@i.ua,2022-10-19 14:07:14
826,James Hahn,wwilson@ukr.net,2022-04-06 05:28:56
827,Lisa Shaw,ggreen@protonmail.com,2024-08-22 00:44:58
828,Jose Robinson,cwilson@i.ua,2022-07-04 02:06:42
829,Dr. Melissa Miller,nwagner@outlook.com,2021-03-31 14:49:02
830,Rodney Reeves,jonathan66@outlook.com,2022-11-28 19:00:58
831,Michael Lewis,april01@i.ua,2021-05-03 11:05:53
832,Peter Pierce,jeffkelly@yahoo.com,2024-10-06 16:06:39
833,Mr. Troy Orozco,timothylee@gmail.com,2023-09-29 00:50:02
834,Victor Greene,gjohnson@outlook.com,2023-07-17 00:21:40
835,David Reyes,xjohnson@yahoo.com,2024-09-13 07:06:07
836,Dustin Herrera MD,xanderson@i.ua,2023-09-06 10:44:15
837,Nicole Mcdonald,judyjordan@yahoo.com,2020-12-03 03:38:06
838,Kelly Robertson,wilsonnicholas@outlook.com,2021-03-28 21:35:00
839,Marcia Brock,kristinewilliams@outlook.com,2024-05-07 20:02:55
840,Sean Johnson DDS,victoria54@i.ua,2023-11-16 14:38:58
841,Marcus Bryant,hbecker@protonmail.com,2022-02-28 07:59:53
842,Stacey Kennedy,jamiejacobs@outlook.com,2020-06-27 09:03:09
843,Jordan Stewart,fallen@meta.ua,2022-10-19 09:36:34
844,Casey Hamilton,jeremy23@hotmail.com,2023-04-07 10:06:43
845,Jon Thomas,nburgess@ukr.net,2020-09-17 14:36:46
846,Jessica Thompson,jameslee@ukr.net,2022-02-12 02:53:11
847,Claire English,wlambert@ukr.net,2024-06-29 06:28:15
848,Robert Torres PhD,robertsamanda@ukr.net,2020-02-17 21:05:46
849,Marcus Haley,egraham@outlook.com,2022-10-16 10:17:02
850,Deborah Walker,martinerickson@protonmail.com,2024-07-25 22:01:14
851,Rebecca Green,gmorris@i.ua,2024-10-24 19:38:32
852,Jennifer Taylor,michaelmichael@protonmail.com,2023-08-29 13:01:47
853,Amy Melendez,anthonypena@gmail.com,2022-05-08 04:52:02
854,Lisa Mahoney,vmarshall@yahoo.com,2024-05-27 06:41:13
855,Anthony Gonzalez,seanlong@gmail.com,2023-10-08 13:15:15
856,Amanda Wolfe,daviesjulia@ukr.net,2023-05-26 23:28:29
857,William Andrade,itorres@meta.ua,2024-04-24 22:58:11
858,Erin Miller,lisa65@protonmail.com,2022-02-14 00:28:00
859,Jared Anderson,tanner16@gmail.com,2021-05-23 00:53:35
860,Terri Wells,deckererin@hotmail.com,2020-03-24 13:58:39
861,Michelle Morrow,brownchad@hotmail.com,2024-01-20 07:03:44
862,Mr. Michael Blackburn,martinezmichael@i.ua,2024-03-15 01:21:07
863,James Ramos,qzimmerman@protonmail.com,2024-06-20 19:59:42
864,Dawn Martinez,krandall@ukr.net,2024-06-27 05:52:26
865,Lawrence Webster,ahaley@hotmail.com,2024-02-07 01:52:33
866,Sabrina Gonzales,laura15@hotmail.com,2020-03-03 00:40:56
867,Veronica Johnson,adam41@gmail.com,2021-02-23 17:53:47
868,Wendy Griffith,olsenamy@i.ua,2021-09-15 21:46:36
869,Brittany Mcfarland,jennifermiles@hotmail.com,2024-04-18 20:00:28
870,Larry Grant,rachelbrown@ukr.net,2021-05-16 04:40:45
871,Joel Bass,andreanoble@hotmail.com,2023-06-16 01:14:29
872,Mitchell Hughes,andersonkeith@yahoo.com,2023-08-27 14:06:04
873,Gabriel Burton,kelly24@outlook.com,2024-08-25 10:28:09
874,Kimberly Mccarthy,brownrobert@yahoo.com,2024-03-14 18:37:17
875,Chelsea Young,riverarobert@yahoo.com,2021-05-13 00:01:57
876,Thomas Wheeler,kathrynschultz@protonmail.com,2024-06-23 04:58:42
877,Christopher Munoz,chardy@yahoo.com,2023-01-27 08:08:12
878,Kayla Howard,grossmary@ukr.net,2023-09-23 08:04:27
879,John Jenkins,jennifersmith@outlook.com,2023-04-20 09:48:32
880,Karen Mcdonald,mpeters@meta.ua,2020-04-13 11:15:25
881,Matthew Brady,stevensmith@yahoo.com,2020-03-05 19:40:01
882,Wayne Gonzales,kathrynsanchez@gmail.com,2022-01-06 16:10:09
883,Blake Carlson,cheryl31@hotmail.com,2022-10-24 15:04:01
884,Gabriel Miller,robertsonscott@meta.ua,2020-05-28 08:36:17
885,Daniel Hill,garciatiffany@meta.ua,2023-11-12 14:01:57
886,Brenda Collins,ydurham@ukr.net,2022-07-17 03:29:18
887,Juan Moore,smorales@yahoo.com,2020-10-06 06:49:38
888,Tammy Liu,joelpotter@gmail.com,2023-03-03 23:55:30
889,Ariel Cook,mariahclark@i.ua,2024-10-10 00:26:40
890,Jeffrey Watkins,mendozaemma@i.ua,2024-09-04 08:06:15
891,Kristina Evans,garcialaura@hotmail.com,2022-11-05 15:17:21
892,Melissa Hernandez,bobby03@ukr.net,2022-05-06 12:10:32
893,Tiffany Charles,martintimothy@meta.ua,2020-07-26 22:31:26
894,Mindy Strong,ramirezmichael@yahoo.com,2020-02-28 20:31:10
895,John Solis,jacobcraig@protonmail.com,2020-05-27 02:01:32
896,Angela Wallace,valenciakristin@gmail.com,2023-07-08 05:02:02
897,Allison Graham,tiffanydavis@ukr.net,2022-08-11 04:40:54
898,Richard Jacobs,elizabeth06@yahoo.com,2020-07-22 23:54:41
899,Mary Johnson,jennifer96@gmail.com,2024-06-21 15:47:56
900,George Moody,joshuapotts@meta.ua,2024-02-23 20:26:31
901,Ricardo Castillo,myoung@protonmail.com,2024-04-25 05:10:24
902,Christopher Klein,cryan@i.ua,2020-03-26 07:56:52
903,Jennifer Davis,deborah64@yahoo.com,2020-06-23 21:08:50
904,Sean Ramirez,beltranamanda@ukr.net,2023-02-04 15:40:34
905,Robin Hanna,martinezeric@meta.ua,2022-08-17 03:40:42
906,Colton Tran,john44@i.ua,2021-10-06 02:11:42
907,Anthony Miller,beth93@hotmail.com,2022-02-05 11:21:50
908,Nancy Clark,wanda27@ukr.net,2023-02-23 21:43:58
909,Jennifer Huang,nicolehardin@hotmail.com,2023-10-23 12:43:52
910,Jesse Lee,perezsherri@yahoo.com,2023-06-16 09:59:22
911,Sandra Aguirre,martinezjocelyn@outlook.com,2020-06-27 09:55:35
912,Brian Holmes,gomezmichael@ukr.net,2023-06-16 19:27:10
913,Ronald Mason,collinsjerry@protonmail.com,2022-05-02 01:12:44
914,Gloria Morgan,edwardsangela@outlook.com,2021-10-09 11:16:11
915,Nancy Hardy,kellerkathy@gmail.com,2024-09-08 07:19:53
916,Jeffrey Sandoval,arthurgibbs@yahoo.com,2021-06-20 14:30:44
917,Mary Tran,burchdiane@protonmail.com,2021-10-04 03:41:41
918,Laura Cruz,walterchris@protonmail.com,2023-05-11 02:22:04
919,Tasha Sloan,jcollins@ukr.net,2023-06-19 20:03:42
920,Misty Cummings,acostaryan@ukr.net,2022-04-20 00:05:40
921,Mary Odonnell,coleandrea@ukr.net,2023-06-13 06:26:00
922,Mary Wagner,xwilliams@meta.ua,2021-01-27 12:40:32
923,Diane Wood,ortizjesus@protonmail.com,2022-12-06 02:33:31
924,Christine Lewis,schultzjaime@gmail.com,2023-09-02 08:19:58
925,Ryan Johnson,wesleyriley@i.ua,2021-07-12 16:42:16
926,Paul Conway,mdavis@protonmail.com,2022-06-02 20:01:43
927,Caleb Steele,wallacechristine@gmail.com,2022-03-06 02:54:39
928,Daniel Lester,colonmargaret@meta.ua,2020-08-16 09:13:07
929,Rhonda Daniel,patricia96@gmail.com,2022-11-01 04:47:54
930,Chad Snyder,maxwellrebecca@gmail.com,2023-01-10 04:27:06
931,William Guerrero,villarrealbenjamin@ukr.net,2022-01-21 01:45:03
932,Nathan Wells,nancy82@ukr.net,2024-10-28 13:43:04
933,Jessica Gray,jonathan86@meta.ua,2020-01-26 03:11:41
934,Julia Morrison,zedwards@hotmail.com,2020-07-31 03:40:27
935,Steven Munoz,sara42@i.ua,2020-08-19 09:48:23
936,Amy Maldonado,thodges@outlook.com,2021-04-19 06:37:51
937,Timothy Knapp,josephjoseph@ukr.net,2023-09-22 13:36:29
938,Tyler Stephens,amydunn@meta.ua,2020-09-09 16:48:47
939,Nathaniel Miller,joseph98@protonmail.com,2020-01-23 03:06:36
940,James Mcdaniel,vwallace@yahoo.com,2021-05-11 20:27:51
941,Tamara Jacobson,dudleyveronica@meta.ua,2023-09-20 18:24:03
942,Trevor Porter,njohnson@yahoo.com,2023-06-26 00:11:55
943,Natalie Phillips,williamsxavier@yahoo.com,2022-05-19 01:58:40
944,Sydney Mercer,adamsthomas@meta.ua,2024-11-07 06:59:26
945,Joshua Howard,tony83@outlook.com,2023-09-17 14:34:58
946,Kimberly Reid,amy61@yahoo.com,2023-02-01 07:55:44
947,Samuel Bell,larsonlaura@hotmail.com,2023-04-06 04:36:13
948,John Carroll,kimberly86@protonmail.com,2023-06-11 10:17:46
949,Erin Mcdonald,yguerra@ukr.net,2023-12-18 07:06:04
950,Renee Scott,michaelgomez@protonmail.com,2022-01-28 01:49:31
951,Melissa Brown,vegasandra@i.ua,2023-06-07 08:08:22
952,Dennis Lane,jennifer84@outlook.com,2021-10-14 16:56:01
953,David Banks,thomasmatthew@protonmail.com,2023-03-15 13:15:11
954,Angela Lowe,kristophermoore@outlook.com,2022-07-15 02:15:53
955,Maria Cox,guzmanerica@ukr.net,2021-01-11 14:40:48
956,Jeremy Grant,sheryl86@i.ua,2023-05-16 02:47:14
957,Mr. Robert Lee,newtonkaren@yahoo.com,2023-08-29 12:44:48
958,Brian Carpenter,elizabeth19@yahoo.com,2024-07-10 14:04:55
959,Carmen Gardner,peter49@outlook.com,2021-12-20 21:54:48
960,Matthew Ellis,kelly19@outlook.com,2021-08-15 13:23:45
961,Mrs. Joy Williams,jefferythompson@i.ua,2023-09-28 03:11:38
962,William Harris,joysmith@ukr.net,2021-07-05 11:05:49
963,Erik Jimenez,walshangela@meta.ua,2022-08-11 20:25:18
964,Vincent Williams,roachjessica@outlook.com,2023-11-09 12:18:05
965,Patrick Rogers,chad64@meta.ua,2022-06-30 00:49:35
966,David Stewart,anthonyfaulkner@outlook.com,2023-10-27 02:29:45
967,Carla Vincent,raychristopher@yahoo.com,2024-02-14 18:11:09
968,Angela Olsen,albert45@outlook.com,2022-03-13 18:20:31
969,Caroline Carter MD,ostewart@protonmail.com,2022-02-03 06:33:13
970,Richard Weber,rmonroe@protonmail.com,2023-01-07 20:19:03
971,Ariana King,knovak@hotmail.com,2021-04-12 12:20:27
972,Richard Carter,myersjody@ukr.net,2020-12-05 12:13:01
973,Kathleen Thornton,cartercaitlin@protonmail.com,2024-09-20 09:30:05
974,Christopher Morris,fbowers@ukr.net,2022-01-17 12:01:01
975,Kimberly Cox,johndavis@hotmail.com,2021-08-16 22:28:24
976,Mario Gomez,lauraanthony@outlook.com,2021-11-03 00:17:33
977,Philip Hill,ashley21@hotmail.com,2020-04-16 23:52:46
978,Edwin Leon,martin31@meta.ua,2021-06-24 23:01:45
979,Troy Patterson,bettyevans@protonmail.com,2023-01-01 21:49:14
980,Anita Fuentes,kristennguyen@ukr.net,2020-05-12 11:41:36
981,Cheyenne Padilla,lloydstephanie@hotmail.com,2024-11-19 10:03:44
982,Laurie Hall,gregorypatel@ukr.net,2022-06-14 16:43:55
983,James Huynh,joshua95@i.ua,2023-09-12 01:23:53
984,William Robinson,donald27@ukr.net,2023-05-30 04:00:25
985,Dana Hart,matthewcoleman@ukr.net,2022-01-27 14:08:24
986,Marc Fitzgerald,bmiller@hotmail.com,2023-12-12 16:19:19
987,Savannah Foley,justin46@gmail.com,2020-12-06 14:58:12
988,Paul Whitaker,mgray@i.ua,2024-03-24 20:45:50
989,Christopher Baldwin,joshuabranch@yahoo.com,2023-10-07 13:36:26
990,Bruce Caldwell MD,matthewhill@ukr.net,2024-05-20 14:38:58
991,Patrick Rogers,michaeltaylor@hotmail.com,2020-12-19 21:23:00
992,William Johnson,qmartin@meta.ua,2020-06-22 05:25:37
993,Gina Stanley DDS,qshelton@yahoo.com,2021-06-23 12:44:14
994,Derek Gallagher,nscott@meta.ua,2022-02-02 08:03:15
995,Beth Ross,padillatheresa@hotmail.com,2020-12-29 13:02:50
996,Amy Mcdonald,alan12@outlook.com,2020-09-13 20:36:56
997,Amanda Warner,robert58@meta.ua,2020-06-10 03:24:59
998,Elizabeth Miller,hrodriguez@gmail.com,2022-12-29 19:46:41
999,Ethan Lara,kristin47@i.ua,2023-01-25 05:10:28
1000,Ronald Krause,agarcia@protonmail.com,2024-08-12 16:49:36
1001,Louis Wells,zduran@i.ua,2022-08-20 01:58:33
1002,Justin Gutierrez,kevin82@outlook.com,2021-06-27 07:24:20
1003,Lauren Hess,sarahmurphy@yahoo.com,2023-11-26 20:13:37
1004,Sarah Sims,ndavis@yahoo.com,2020-12-23 20:29:33
1005,Jennifer Atkins,audrey01@i.ua,2024-03-22 15:01:36
1006,Carl Hill,graykristie@gmail.com,2022-07-30 13:22:54
1007,Olivia French,morrowann@ukr.net,2020-10-06 20:40:09
1008,Megan Morrison,yjacobson@hotmail.com,2024-08-02 22:26:59
1009,Tammy Martinez,charles23@gmail.com,2022-07-23 06:13:56
1010,Troy Cameron,williamsjonathan@protonmail.com,2021-03-13 10:19:50
1011,David Williamson,sheilatrujillo@ukr.net,2022-03-22 11:43:11
1012,Lance Hood,burnssabrina@yahoo.com,2024-01-27 15:52:45
1013,Robert Anderson,sydney69@i.ua,2023-06-14 15:49:23
1014,Melissa Barron,peter10@yahoo.com,2022-12-21 17:39:09
1015,Kathleen Burnett,tlawrence@yahoo.com,2021-07-30 07:40:41
1016,Charlotte Walker,prichardson@gmail.com,2021-02-17 20:50:08
1017,Dominic Taylor,ramirezangela@protonmail.com,2022-02-26 11:43:39
1018,Meredith Anderson,danafoley@outlook.com,2024-07-01 11:05:19
1019,Emily Simpson,walkerjonathan@gmail.com,2024-10-12 17:47:29
1020,Kelly Trujillo,gregoryjones@hotmail.com,2023-12-01 18:26:05
1021,Kayla Duke,jameslopez@hotmail.com,2020-03-07 20:39:01
1022,Matthew Mclaughlin,mary95@hotmail.com,2021-09-07 18:25:41
1023,Amy Huber,christopherdavis@protonmail.com,2023-12-24 05:07:56
1024,Kathleen Holden,barbara79@meta.ua,2021-11-19 00:59:56
1025,Jennifer Thompson,tatejohn@ukr.net,2020-03-01 14:45:15
1026,Dean Anderson,fdavis@gmail.com,2023-03-04 02:25:44
1027,George Martin,lgilmore@hotmail.com,2023-06-17 22:54:45
1028,Angel Morrow,gardnermatthew@meta.ua,2022-09-30 04:05:18
1029,Brenda Peterson,kathleenshannon@i.ua,2024-04-29 00:33:34
1030,Kathleen Blevins,matthew01@yahoo.com,2022-03-30 13:52:50
1031,Jessica Kim,esanders@meta.ua,2020-06-01 18:56:32
1032,Matthew Cooper,robindavis@outlook.com,2024-07-08 17:09:02
1033,Sara Mills,ycontreras@gmail.com,2021-07-10 21:07:36
1034,Roger Daniels,ljones@gmail.com,2023-11-10 23:59:49
1035,Ronald Wallace,laurajohnson@outlook.com,2021-11-30 23:09:50
1036,Mr. Ryan Shepard,ihoffman@protonmail.com,2021-01-26 07:10:20
1037,Michael Gibson,emily46@i.ua,2020-12-07 10:55:52
1038,Jeanette Blankenship,schneideralexis@meta.ua,2024-09-16 05:01:07
1039,Jesse Jordan,brownmichael@protonmail.com,2023-01-13 20:11:08
1040,Stephanie Dunn,jonessheila@gmail.com,2020-08-26 01:11:26
1041,Keith Sparks,kelly74@yahoo.com,2020-11-15 22:11:06
1042,Aaron Rivera,nicholeconley@outlook.com,2022-07-30 14:47:28
1043,Kara Armstrong,leecurtis@i.ua,2020-12-01 17:16:46
1044,Maria Flynn,hurleykellie@i.ua,2024-10-17 02:34:41
1045,Jessica Reyes,yrichardson@protonmail.com,2021-08-02 00:55:26
1046,April Underwood,underwoodglenn@protonmail.com,2024-10-17 17:10:41
1047,Lisa Greer,ocooper@i.ua,2022-06-13 21:40:31
1048,Marie Bradley,carl78@meta.ua,2021-06-29 23:05:56
1049,James Wilson,jennifer72@protonmail.com,2023-07-03 16:39:20
1050,Jennifer Franklin,jennifermann@i.ua,2022-10-19 17:51:55
1051,Carrie Todd,toddmelissa@protonmail.com,2023-10-31 21:01:18
1052,Erin Marshall,lauramcintosh@outlook.com,2021-10-15 01:45:44
1053,Sean Olson,daniellerichard@hotmail.com,2022-10-13 23:12:48
1054,Robert Mccall,hughesgregg@yahoo.com,2022-06-21 00:42:14
1055,Jacob Gordon,schneidersarah@i.ua,2021-03-08 22:50:03
1056,Grant Potts,larsoneric@yahoo.com,2021-03-04 08:21:16
1057,Linda Cook,jill34@meta.ua,2021-09-05 20:52:11
1058,Jasmine Arellano,vcannon@hotmail.com,2022-11-09 16:57:33
1059,Rhonda Brennan,matthew84@protonmail.com,2021-08-25 10:57:48
1060,Michael Vega,jennifer23@protonmail.com,2022-06-11 13:09:35
1061,Mary Taylor,adriana14@outlook.com,2023-10-11 17:51:19
1062,Joseph Torres,hernandezheather@meta.ua,2024-07-27 08:25:59
1063,Jessica Pope,michael41@gmail.com,2021-01-19 17:33:49
1064,Sandra Johnson,dgraham@protonmail.com,2024-10-28 05:31:20
1065,Frank Randolph,wbennett@outlook.com,2022-07-04 23:21:46
1066,Kristi Lloyd,nicholas60@gmail.com,2023-12-12 21:47:20
1067,Andrew Walter,coneal@ukr.net,2024-05-24 17:33:49
1068,Christy Welch,luiswerner@i.ua,2023-08-30 20:27:13
1069,Brian Thomas,brookeramirez@outlook.com,2024-08-06 03:46:10
1070,Kathleen Kramer,zacharyparrish@ukr.net,2024-07-16 17:59:54
1071,Caitlin Phillips,eberg@gmail.com,2024-01-05 07:45:00
1072,Dr. Marcus Dunn MD,yharris@hotmail.com,2022-07-03 09:13:12
1073,Melissa Daniels,wlewis@protonmail.com,2024-11-02 14:40:06
1074,Tom Andrews,blackhenry@i.ua,2023-07-06 06:55:57
1075,Charles Jackson,longjames@protonmail.com,2023-11-25 11:47:09
1076,Kari Arroyo,munozmartha@yahoo.com,2024-11-27 20:03:12
1077,William Jackson,newmansusan@protonmail.com,2021-12-14 22:10:22
1078,Kevin Hernandez,sherrygarcia@protonmail.com,2020-06-11 19:47:05
1079,Michael Horne,jeffrey43@yahoo.com,2024-08-16 04:26:33
1080,Ariana Garcia,kristinaking@protonmail.com,2023-11-26 15:29:25
1081,Cody Lopez,morgangriffin@ukr.net,2022-09-04 22:02:36
1082,Mr. Tom Smith,smithblake@hotmail.com,2024-09-18 09:01:14
1083,Michael Weaver,rterry@ukr.net,2021-11-25 07:53:47
1084,Alicia Campos,karen54@yahoo.com,2020-12-24 06:48:58
1085,George Smith,nicole37@protonmail.com,2023-02-11 15:18:48
1086,Brian Doyle,joshuaholmes@meta.ua,2020-07-25 18:12:10
1087,Blake Ball,joseph91@gmail.com,2023-04-21 13:36:10
1088,Claire Salazar,fordbrian@ukr.net,2024-03-27 14:10:11
1089,Jennifer Marshall,melaniefischer@i.ua,2022-03-18 00:11:44
1090,Breanna Clark,xlee@i.ua,2024-05-18 03:56:58
1091,Samantha Carter,icampos@meta.ua,2022-11-04 13:39:38
1092,Darius Guzman,allisonjohnson@gmail.com,2020-11-08 15:40:06
1093,Douglas Guerra,wbarnes@meta.ua,2021-01-20 12:20:59
1094,Claudia Young,scotteddie@ukr.net,2023-12-25 02:06:16
1095,Leslie Wilson,tyronestevens@gmail.com,2021-09-16 20:23:18
1096,Sarah Andrews,carlgraves@yahoo.com,2023-07-06 09:16:06
1097,James Johnson,harmonjacob@hotmail.com,2021-06-18 15:17:06
1098,Maureen Rodriguez,rsmith@gmail.com,2020-11-02 17:44:59
1099,Michael Graham,lisa42@ukr.net,2021-04-16 00:11:11
1100,Cheryl Miller,kathrynnash@i.ua,2023-06-07 09:32:59
1101,Charles Lee,sara73@gmail.com,2020-09-14 09:00:36
1102,Mary Vega,paulwilliams@i.ua,2020-02-29 20:56:49
1103,Michelle Mcclure,chrispalmer@protonmail.com,2021-12-04 23:20:40
1104,Brett Taylor,joshuavillanueva@i.ua,2021-07-30 22:58:36
1105,David Reynolds,oboyle@outlook.com,2021-07-09 02:22:08
1106,Robert Harris II,mendezbrittany@protonmail.com,2024-09-25 19:16:51
1107,Carla Williams,stephaniehayden@outlook.com,2022-04-26 15:20:26
1108,Melissa Morgan,bgarza@i.ua,2023-02-04 00:38:31
1109,Amber Cunningham,kelleyamy@i.ua,2020-10-29 05:16:00
1110,Brett King,molly70@protonmail.com,2020-06-26 23:31:16
1111,Lynn Stewart,richardwhite@protonmail.com,2020-08-26 06:57:27
1112,Sheila Allen,hconrad@hotmail.com,2024-12-04 19:46:38
1113,Samantha Tate,gary28@i.ua,2021-04-06 07:10:53
1114,Stephanie Lindsey,millskimberly@hotmail.com,2020-12-01 08:14:15
1115,Joseph Orr,kim70@gmail.com,2023-11-15 02:01:08
1116,David Hanson,meganriggs@ukr.net,2021-11-16 14:06:56
1117,Joseph Lopez,christian29@gmail.com,2021-08-30 11:28:19
1118,Linda Ramirez,cassandra80@protonmail.com,2021-03-20 01:07:35
1119,Lauren Friedman,afarrell@yahoo.com,2021-04-04 02:58:01
1120,Matthew Gates,mariabarr@protonmail.com,2021-02-03 03:52:20
1121,Robert Young,leslietaylor@gmail.com,2023-10-28 11:57:06
1122,Amanda Martinez,shawna75@ukr.net,2023-04-12 15:41:39
1123,Paige Dean,andrealeon@ukr.net,2022-12-19 05:59:08
1124,Danny Morris,vsmith@meta.ua,2021-09-16 11:07:09
1125,Nicholas Leon,bdavis@outlook.com,2023-12-06 07:58:42
1126,Anne Tate,taylor14@gmail.com,2023-07-12 22:26:19
1127,Sue Cruz,eatonraymond@gmail.com,2024-10-17 14:57:12
1128,Jaime Gallegos,gjones@gmail.com,2020-10-18 02:47:58
1129,Charles Carpenter,onichols@hotmail.com,2024-10-07 03:18:25
1130,Eric Green,belltimothy@meta.ua,2024-11-21 06:55:57
1131,Heather Preston,jennifer61@protonmail.com,2023-11-29 03:39:32
1132,Daniel Robinson,robertssteven@yahoo.com,2021-01-25 17:27:16
1133,Kara Monroe,gregorylogan@hotmail.com,2023-09-07 19:57:35
1134,Crystal Brown,graybrandon@meta.ua,2023-11-15 07:48:39
1135,Jason White,amanda58@yahoo.com,2022-09-21 02:15:51
1136,Victor Andrade,shelbygarcia@outlook.com,2023-10-06 22:25:58
1137,Christina Fuentes,grobertson@protonmail.com,2024-10-16 01:18:34
1138,Julia Day,aprilday@gmail.com,2024-02-04 09:57:50
1139,Megan Johnson,zmayo@hotmail.com,2024-05-01 09:10:08
1140,Andrew Walker,stefaniequinn@yahoo.com,2022-04-30 04:29:02
1141,Jose Barber,brianblair@yahoo.com,2020-06-23 12:41:11
1142,Amanda Mcknight MD,shawnandrews@protonmail.com,2023-06-21 10:41:48
1143,Elizabeth Harvey,pbrown@i.ua,2021-06-24 23:10:11
1144,James Medina,alvarezryan@hotmail.com,2024-09-27 08:41:20
1145,Vincent Bennett,holly59@yahoo.com,2024-11-06 03:57:55
1146,Valerie Owens,fmays@outlook.com,2024-04-05 00:59:52
1147,Sonia Jackson,wilsonalicia@protonmail.com,2020-10-30 13:20:22
1148,Daniel Heath,nathanielbender@outlook.com,2020-10-25 09:52:36
1149,Cynthia Williams MD,burkematthew@i.ua,2023-07-16 14:15:06
1150,Scott Madden,michael85@outlook.com,2023-10-05 03:24:55
1151,David Carlson,mark89@ukr.net,2021-11-10 04:44:02
1152,Theresa Schultz,zvasquez@gmail.com,2023-01-03 12:45:33
1153,Melissa Smith,jennifer86@protonmail.com,2023-12-09 04:48:40
1154,Michael Nelson,lisa93@ukr.net,2024-03-20 09:14:11
1155,Edward Brown,courtney21@protonmail.com,2022-04-15 18:59:25
1156,Stuart Simpson DDS,gclark@outlook.com,2022-03-17 10:26:29
1157,Bianca Cox,matthew42@hotmail.com,2024-06-02 15:08:04
1158,Latasha Jones,orosales@hotmail.com,2022-04-01 11:55:30
1159,Sheryl Mitchell,jeffreysoto@i.ua,2021-03-25 19:08:52
1160,Jonathan Lutz,ygrant@meta.ua,2020-03-30 18:23:39
1161,Lisa Espinoza,wendyryan@hotmail.com,2021-01-04 23:50:04
1162,Jimmy Ramos,kmcintosh@outlook.com,2024-05-30 07:33:44
1163,Elizabeth Baker,sandranguyen@ukr.net,2021-10-28 15:01:49
1164,Logan Holder MD,connie74@meta.ua,2022-01-23 23:25:13
1165,James Garcia,jesse26@yahoo.com,2021-11-05 05:33:45
1166,Jennifer Harding DDS,lindsey48@i.ua,2022-12-23 11:47:17
1167,Daniel Zimmerman,garrettkristine@ukr.net,2023-04-29 14:06:00
1168,Melissa Miller,nicole84@outlook.com,2021-09-03 02:19:31
1169,Marissa Baker,garnerjohn@i.ua,2022-08-10 10:50:16
1170,Jordan Mayer,mprice@protonmail.com,2021-07-10 08:17:54
1171,Michelle Gill,aaron70@ukr.net,2021-05-23 00:17:43
1172,Sarah Ho,jenningsmatthew@gmail.com,2020-04-23 18:32:49
1173,Ronnie Carr,cummingsapril@yahoo.com,2024-09-13 02:37:17
1174,Jessica Bates,princemonica@i.ua,2020-10-28 00:12:35
1175,Dr. Jessica Elliott,vincentharris@gmail.com,2021-02-14 18:35:09
1176,Stephen Harris,brandonroach@i.ua,2022-09-22 07:23:21
1177,Brandon Livingston,ywalton@protonmail.com,2023-07-01 19:01:37
1178,Christine Lee,sandraclark@i.ua,2024-06-09 05:06:58
1179,Stephanie Ramsey,llang@gmail.com,2020-08-20 18:51:13
1180,Tara Jenkins,brandi50@yahoo.com,2022-02-15 02:57:11
1181,Nicole Kelly,qgordon@ukr.net,2024-03-28 17:15:16
1182,Stephanie Mercado,gilbertjavier@i.ua,2024-08-13 04:47:08
1183,Andrea Alexander,xfrost@i.ua,2022-05-18 01:37:25
1184,Colton Bauer,qcollins@yahoo.com,2024-05-17 14:45:34
1185,William Garcia,chadwest@ukr.net,2020-07-07 11:03:19
1186,Rodney Gonzalez,brooksmartha@gmail.com,2024-01-10 01:17:28
1187,Crystal Wilson,floydmelissa@i.ua,2020-07-06 21:10:29
1188,Matthew Bennett,ystewart@ukr.net,2020-08-07 10:14:10
1189,Kimberly Green,billwright@ukr.net,2021-04-10 14:46:36
1190,Deborah Watkins,jensenwilliam@i.ua,2024-05-09 13:13:08
1191,Jessica Brandt,michelle78@ukr.net,2023-09-02 18:05:46
1192,Monica Rivers,amber97@meta.ua,2023-02-20 22:16:56
1193,Jeff Hoffman,aaron45@i.ua,2022-02-16 14:02:29
1194,Steven Olson,nhansen@gmail.com,2023-06-14 00:04:12
1195,Michelle Walker,jonathan31@meta.ua,2024-04-09 18:42:21
1196,Thomas Gonzales,bruceschmidt@hotmail.com,2023-10-30 11:00:43
1197,Virginia Williams,osmith@meta.ua,2023-08-30 06:02:43
1198,Anna Banks,danielrush@hotmail.com,2023-03-22 09:54:02
1199,Daniel Lynch,natasha85@hotmail.com,2020-12-20 03:41:11
1200,Julie Brock,emitchell@gmail.com,2021-10-08 15:19:54
1201,Marie Hardy,cisnerosjanet@ukr.net,2023-05-30 02:51:30
1202,Michele West,charles15@protonmail.com,2024-11-29 01:28:21
1203,Deborah Drake,ojones@protonmail.com,2024-03-17 02:14:33
1204,Larry Rice,wernerheather@gmail.com,2020-09-04 11:47:52
1205,Lori Stewart,davisgwendolyn@ukr.net,2020-05-30 14:52:58
1206,Leonard Page,julie06@outlook.com,2024-11-10 15:29:41
1207,George Kennedy,connieramirez@protonmail.com,2021-11-04 22:59:33
1208,Megan Hughes,anthony73@yahoo.com,2020-04-26 14:12:35
1209,Terri Franco,daniel74@gmail.com,2024-02-07 20:31:23
1210,Jose Miller,morganfrank@outlook.com,2023-10-07 19:22:27
1211,Keith Gregory,uvasquez@protonmail.com,2021-05-31 00:50:03
1212,Sarah Scott,alexander99@yahoo.com,2020-05-03 04:09:00
1213,Matthew Barron,fuentesgregory@gmail.com,2023-07-20 03:23:32
1214,Barbara Griffith,ryan13@ukr.net,2020-02-15 22:19:33
1215,Thomas Jones,billygarza@ukr.net,2023-02-15 23:16:54
1216,Eric Perry,carolyn49@outlook.com,2024-10-28 02:41:20
1217,Laura Griffith,brandonlopez@meta.ua,2021-02-28 10:48:07
1218,Lindsay Ballard,lisawhite@protonmail.com,2024-09-26 03:53:11
1219,Richard Boyd,connorharrison@i.ua,2022-06-16 22:30:39
1220,Jennifer Stevens,jose01@meta.ua,2022-11-10 08:56:44
1221,Darrell King,jasmine67@hotmail.com,2023-06-18 03:05:01
1222,Karen Berry,garciajerry@ukr.net,2022-01-02 07:34:51
1223,Lisa Weiss,jbauer@outlook.com,2022-09-28 08:52:59
1224,Lindsey Sanchez,gallegosbrenda@protonmail.com,2020-09-12 06:29:39
1225,Jessica Wong,shieldsmichele@i.ua,2021-01-20 10:00:07
1226,Samantha Gregory,heatherhampton@meta.ua,2020-06-12 18:46:43
1227,Michael King,stephenssusan@yahoo.com,2020-01-08 23:59:20
1228,Jill Smith,peter30@ukr.net,2022-07-19 12:20:02
1229,Sabrina Ellis,framos@ukr.net,2024-03-11 22:32:10
1230,Rachel Martinez,brittany74@i.ua,2023-03-19 13:53:01
1231,Nicole Friedman,anthony29@meta.ua,2024-03-17 11:49:33
1232,Michael Gross,zflores@meta.ua,2020-01-17 00:58:45
1233,Bradley Liu,hallphyllis@protonmail.com,2024-07-17 14:12:11
1234,Kelli Leonard,cooknatalie@meta.ua,2021-10-21 23:47:44
1235,Mrs. Vanessa Thomas,ortizbrent@protonmail.com,2021-06-18 08:21:51
1236,Joshua Thomas,xsnow@yahoo.com,2023-01-08 10:05:41
1237,Margaret Rodriguez,ryan54@i.ua,2024-06-27 16:43:35
1238,Joshua Williams,michael17@yahoo.com,2022-01-18 04:13:24
1239,Pamela Wood,carolynramirez@outlook.com,2020-03-07 10:13:03
1240,John Sandoval,patriciaklein@gmail.com,2024-04-30 03:14:57
1241,James Morgan,loganmichael@meta.ua,2020-12-02 01:32:11
1242,Terri Smith,kennedykelly@protonmail.com,2023-04-08 01:42:30
1243,Nicole Garrison,wisebilly@yahoo.com,2022-11-30 21:01:33
1244,Nicole Gonzalez,ryanbautista@ukr.net,2023-01-23 05:52:41
1245,Shawna Cook,vasquezjennifer@meta.ua,2022-10-04 01:06:00
1246,Jason Sutton,ngeorge@meta.ua,2021-05-24 01:07:10
1247,Daniel Smith,paulgriffin@outlook.com,2024-01-29 07:55:17
1248,Jasmine Bell,dana70@gmail.com,2023-06-23 15:33:01
1249,Claire Harmon DDS,seth97@gmail.com,2022-07-07 07:28:49
1250,Rebecca Gibson,hallpatricia@outlook.com,2022-01-08 22:34:21
1251,Erica Miller,mikewagner@i.ua,2021-04-01 00:29:45
1252,Jessica Mcfarland,james94@hotmail.com,2021-02-08 10:21:42
1253,Lauren Hall,daniel42@protonmail.com,2022-03-01 17:35:12
1254,Robert Durham,dlambert@gmail.com,2024-06-19 12:59:42
1255,Travis Flores,kjohnson@outlook.com,2021-02-26 23:03:23
1256,Laura Hawkins,courtney46@protonmail.com,2020-09-27 22:53:03
1257,Kenneth Bates,rogerparker@yahoo.com,2024-04-18 03:07:09
1258,Chad Mcmahon,ashley58@hotmail.com,2022-03-27 18:14:47
1259,Clayton Webb,brian54@gmail.com,2023-12-13 18:54:49
1260,Michael Smith,anthonygrant@i.ua,2023-09-29 07:30:25
1261,Elizabeth Jones,rphillips@outlook.com,2021-01-09 17:13:12
1262,Heather Silva,rodriguezvirginia@hotmail.com,2023-03-24 00:29:13
1263,Matthew Stevenson DDS,deborah24@protonmail.com,2023-01-11 22:07:12
1264,Mrs. Sheri Kemp,cheryl61@i.ua,2024-09-15 22:31:23
1265,Tammy Lester,nicholas75@meta.ua,2022-07-26 03:40:45
1266,Darlene Reynolds,novakerin@protonmail.com,2021-06-27 01:47:46
1267,Maria Wilson,melanie47@gmail.com,2024-05-25 00:56:22
1268,Crystal Morris,groberts@meta.ua,2022-10-28 21:10:23
1269,Whitney Cole,vmiles@yahoo.com,2021-11-25 22:44:26
1270,James Davis,gewing@gmail.com,2020-06-27 11:56:26
1271,Scott Bailey,lauraellis@i.ua,2023-02-28 18:39:30
1272,Jonathan Miller,gallegosdaisy@i.ua,2022-06-19 02:55:29
1273,Nicole Davidson,jill01@outlook.com,2023-09-12 22:33:28
1274,Hannah Johnson,andreanixon@outlook.com,2021-08-30 01:54:50
1275,Lori Baker,mosleycheryl@meta.ua,2022-07-17 16:08:03
1276,Jim Chavez,audrey16@meta.ua,2023-12-01 07:51:23
1277,Deanna Perry,andersonbrandon@hotmail.com,2022-01-12 18:24:28
1278,Laura Thompson,jbrown@ukr.net,2021-05-04 06:12:14
1279,Heather Goodwin,matthew24@protonmail.com,2022-10-02 17:21:51
1280,Edward Dominguez,zjohnson@hotmail.com,2020-04-12 10:05:34
1281,Ronald Hernandez,pmullen@ukr.net,2023-07-19 20:47:17
1282,Michael Powers,jacob82@hotmail.com,2024-10-02 23:43:47
1283,Jordan Lee,qmartin@gmail.com,2020-10-23 03:51:55
1284,William Maldonado,hodgecollin@hotmail.com,2020-04-09 19:21:08
1285,Joshua Hutchinson,michelleschroeder@protonmail.com,2020-11-10 18:58:09
1286,Tiffany Lucas,kara68@i.ua,2023-06-12 13:36:59
1287,Philip Wilkinson,hwilson@i.ua,2024-04-12 22:35:15
1288,Annette Montoya,wscott@ukr.net,2021-10-03 12:13:07
1289,Sarah Brown,bwalker@yahoo.com,2022-01-23 11:33:47
1290,Adrienne Jones,tracy20@hotmail.com,2024-09-12 03:52:41
1291,Stacey Dixon,alisha97@ukr.net,2024-06-19 18:10:44
1292,Angela Ellis,mikaylaevans@i.ua,2021-02-08 23:33:38
1293,Bridget Morris,gloverronald@protonmail.com,2024-02-22 23:39:36
1294,Bonnie Martinez,adamshenry@hotmail.com,2020-08-01 03:51:44
1295,Linda Phelps,hamptontara@outlook.com,2023-10-05 14:18:28
1296,Amy Giles,wilsonbrandy@yahoo.com,2022-10-23 11:28:53
1297,Edwin Anderson,bakermelissa@meta.ua,2021-09-03 23:51:10
1298,Michael Benjamin,michael99@yahoo.com,2024-02-05 13:19:22
1299,Alex Duffy,billcarson@meta.ua,2022-11-25 15:42:21
1300,Rodney Huynh,russellstephanie@protonmail.com,2021-12-15 17:20:11
1301,Whitney Moses,stuarttaylor@hotmail.com,2021-05-01 10:47:58
1302,Emily Dickerson,efox@i.ua,2022-04-14 09:05:28
1303,Patrick Wagner,rachel71@i.ua,2020-09-24 23:59:14
1304,Aaron Gutierrez,jerry61@i.ua,2020-02-07 03:40:13
1305,Jody Fitzgerald,hamiltonnicole@i.ua,2023-03-23 00:34:59
1306,Jesse Hendricks,michelle47@i.ua,2023-01-06 13:09:59
1307,Jonathan Gates,morrisonjoseph@meta.ua,2023-03-13 19:23:19
1308,Mrs. Lindsay Burns,bbanks@yahoo.com,2023-08-02 18:03:34
1309,Paul Schmidt,adecker@yahoo.com,2020-11-29 07:58:59
1310,Patrick Webster,stoutmichelle@i.ua,2021-04-24 14:56:10
1311,Sherry Ewing,dsmith@protonmail.com,2022-07-28 22:42:49
1312,Beverly Anderson,davismichael@yahoo.com,2023-05-21 16:13:36
1313,Brandon Barton,tjohnson@i.ua,2020-09-20 03:39:53
1314,Mark Wright,steven26@outlook.com,2021-05-13 15:33:48
1315,Jennifer Clark,parkerashley@meta.ua,2024-03-19 13:03:22
1316,Lawrence Black,howeamanda@gmail.com,2022-02-09 09:30:18
1317,Michael King,mcdonaldlinda@yahoo.com,2023-02-04 22:34:01
1318,Nicholas Silva,yrobinson@meta.ua,2020-10-27 18:48:27
1319,Corey Shea,staceydavis@protonmail.com,2020-03-22 00:44:03
1320,Gregory Garcia,ramseyjamie@ukr.net,2023-03-21 17:51:28
1321,April Smith MD,leelance@gmail.com,2024-03-02 22:37:50
1322,Darin Garcia,craig26@i.ua,2022-03-25 08:18:39
1323,Jorge Carpenter,hallpaul@protonmail.com,2020-07-10 07:28:13
1324,Jacob Thompson,hendersonrussell@outlook.com,2021-10-13 06:08:24
1325,Cameron Vega,zwalters@hotmail.com,2023-01-28 00:32:30
1326,Jane Brown,nielsentommy@protonmail.com,2024-04-15 20:57:19
1327,Michael Chapman,rosaleslisa@ukr.net,2022-10-30 07:37:16
1328,Patricia Mathis,theresa08@meta.ua,2022-08-17 22:34:01
1329,Amanda Rasmussen,tross@meta.ua,2022-09-16 14:54:43
1330,David Ross,claytonfarmer@yahoo.com,2022-08-12 20:24:45
1331,Brandon Sellers,willieyoung@outlook.com,2022-12-09 11:10:57
1332,Jamie Riddle,fwood@hotmail.com,2022-12-22 03:10:06
1333,Robert Powell,patrickbailey@gmail.com,2021-03-24 22:10:29
1334,Michael Thomas,claytonjames@outlook.com,2021-03-16 09:56:37
1335,Katie Short,stephenwinters@yahoo.com,2021-12-01 13:35:09
1336,Daniel Simmons,jennifer86@protonmail.com,2024-01-06 11:39:23
1337,David Allison,derek07@gmail.com,2024-07-04 11:28:14
1338,Melissa Ferguson,christopher82@meta.ua,2022-06-30 21:13:26
1339,Matthew Martinez,michealjackson@yahoo.com,2024-02-21 18:00:16
1340,Michael Davis,opeterson@gmail.com,2024-07-01 02:22:14
1341,Timothy Butler,whitneysimmons@hotmail.com,2023-03-29 05:12:13
1342,Joshua Lang,denniscarson@hotmail.com,2020-01-17 07:08:40
1343,David Mills,isummers@protonmail.com,2021-11-12 13:40:34
1344,Jeremy Thomas,stephenroth@hotmail.com,2023-08-17 22:42:43
1345,Monica Mosley,tkim@meta.ua,2023-12-30 02:10:06
1346,Ronald Velez,rachael45@ukr.net,2023-01-16 12:13:55
1347,Megan Sanders,hayesbradley@protonmail.com,2021-08-11 20:31:40
1348,Cindy Daniel,warrenjoshua@ukr.net,2020-11-23 02:00:27
1349,Lauren Olson,kevin63@outlook.com,2022-08-23 07:02:50
1350,Kelly Mitchell,courtneyreed@outlook.com,2024-11-09 13:11:17
1351,Shari Gay,kempkimberly@hotmail.com,2020-04-06 12:22:17
1352,Matthew Cohen,rharris@hotmail.com,2024-03-30 18:25:32
1353,Laurie Ray,jphillips@gmail.com,2023-05-13 17:03:09
1354,Cody Gilbert,brianna57@protonmail.com,2022-05-16 21:53:32
1355,Scott Gray,ashleymoore@outlook.com,2021-08-27 17:50:12
1356,Stephanie Massey,debra86@gmail.com,2020-03-18 21:00:01
1357,John Smith,travismarsh@yahoo.com,2020-08-11 02:49:44
1358,Katelyn Landry,deborahglass@yahoo.com,2024-09-19 10:46:46
1359,Lori Valdez,donna84@gmail.com,2021-03-29 07:57:02
1360,David Smith,clayton94@meta.ua,2022-10-29 18:41:49
1361,Kathleen Torres,ellisbethany@outlook.com,2020-04-13 02:59:25
1362,Deanna Douglas,michaeljacobs@i.ua,2021-02-04 16:40:42
1363,Juan Smith,lisajohnson@yahoo.com,2021-07-14 13:12:56
1364,Kayla Johns,kimkelly@meta.ua,2024-11-17 15:29:19
1365,Daniel Schroeder,angelajohnson@hotmail.com,2021-11-27 04:48:18
1366,Tim Gonzales,kelseyjones@hotmail.com,2023-03-12 03:22:30
1367,Andrew Park,ndrake@gmail.com,2024-07-26 09:54:11
1368,Jacob Lewis,benjamin93@i.ua,2020-12-01 15:56:47
1369,Andrea Stevens,fwilliams@ukr.net,2021-12-29 07:03:19
1370,Christina Ramirez,donaldfrost@meta.ua,2020-05-08 23:00:14
1371,Connie Calderon,mcmahonjeff@yahoo.com,2022-07-30 06:20:02
1372,Mary Bridges,griffinchristine@gmail.com,2020-09-27 23:38:51
1373,Chelsey Brown,kbrown@protonmail.com,2020-01-28 02:19:24
1374,Robert Jackson,wcummings@protonmail.com,2024-02-29 10:45:59
1375,Mary Dixon,bjackson@i.ua,2022-03-03 07:28:52
1376,Monica Porter,arnoldbilly@meta.ua,2024-11-06 23:45:26
1377,John Davis,mortiz@gmail.com,2021-03-30 02:25:51
1378,Michael Smith,eric97@protonmail.com,2023-07-24 22:29:34
1379,Kelly Baldwin,johnsonamy@outlook.com,2021-08-04 11:12:45
1380,Hunter Henry,kathleenwagner@yahoo.com,2023-07-28 17:17:55
1381,Kevin Massey,lisawest@yahoo.com,2020-01-26 18:34:35
1382,Craig Massey,martinjames@gmail.com,2022-07-13 03:02:23
1383,Margaret Hill,david80@gmail.com,2021-02-15 10:35:52
1384,Kimberly Howard,byrdjessica@meta.ua,2024-05-07 06:51:53
1385,William Beard,smithkimberly@yahoo.com,2021-09-15 00:10:19
1386,Jeremy Cox,xgonzalez@yahoo.com,2022-03-01 17:48:44
1387,Mr. Michael Rodriguez,ejones@outlook.com,2020-05-07 09:14:37
1388,George Johnston,joy47@meta.ua,2021-11-19 13:40:05
1389,Christine Guerra,belljessica@i.ua,2023-07-14 00:31:50
1390,Alison Stuart,twhitaker@hotmail.com,2022-08-22 02:55:08
1391,Ashley Clay,johnavila@protonmail.com,2020-03-31 05:18:25
1392,Heather Green,elaine97@i.ua,2023-07-05 22:31:35
1393,Jesse Fletcher,erin76@hotmail.com,2020-06-16 09:09:17
1394,Toni Curtis,melissahernandez@outlook.com,2020-04-30 02:38:32
1395,Natasha Sullivan,whoward@meta.ua,2022-10-07 19:04:14
1396,Joseph Garza,maryroman@gmail.com,2021-11-18 16:18:36
1397,Kathryn Nelson,chenderson@gmail.com,2021-08-09 23:23:41
1398,Victoria Duran,robertsbrandon@yahoo.com,2024-08-10 21:11:58
1399,Robert Roberts,uarias@meta.ua,2023-07-07 09:07:38
1400,Michael Pena,hilldarrell@gmail.com,2022-12-16 13:46:29
1401,Tammy Walters,hyoung@gmail.com,2022-12-09 07:16:55
1402,Mike Taylor,allendaniel@gmail.com,2020-03-26 12:49:46
1403,Gina Caldwell,elizabeth27@i.ua,2020-12-10 17:24:08
1404,Scott Wright,gonzalezjose@protonmail.com,2021-04-28 22:27:19
1405,Shannon Williams,wrightcharles@i.ua,2024-05-04 04:06:42
1406,Robert Woods,wanda07@outlook.com,2021-06-21 16:39:21
1407,Nicole Lee,rliu@i.ua,2021-12-25 09:23:23
1408,Mrs. Lisa Lewis,dkramer@gmail.com,2024-06-06 04:59:52
1409,Patrick Lawrence,bruce24@gmail.com,2022-11-08 08:27:01
1410,Veronica Medina,brucemyers@gmail.com,2020-08-04 04:04:05
1411,Darryl Harrison,smithsusan@meta.ua,2020-07-11 03:30:59
1412,Denise Robles,ronaldchen@i.ua,2022-01-08 09:50:38
1413,Wayne Jordan,nelsonjacqueline@i.ua,2021-02-27 12:18:54
1414,Todd Hull,matthew42@meta.ua,2022-04-11 20:10:06
1415,Alexis Bray,wmclaughlin@ukr.net,2024-04-24 19:42:48
1416,Jamie Alexander,smallralph@meta.ua,2024-06-11 13:23:35
1417,Carrie Jackson,woodwardruth@ukr.net,2022-07-19 13:31:37
1418,Ricky Fitzgerald,michaeldavis@protonmail.com,2024-06-16 13:27:07
1419,Frank Perez,dunlapadam@yahoo.com,2022-01-27 09:48:48
1420,Jane Hill,williamduran@outlook.com,2022-04-05 16:24:30
1421,Alicia Jones,susanjones@outlook.com,2024-09-01 09:57:03
1422,Katie Medina,jhickman@hotmail.com,2023-04-09 22:50:28
1423,Manuel Hernandez,farmerjoanna@yahoo.com,2023-08-15 20:13:58
1424,Anna Carter,vross@i.ua,2024-09-10 04:12:15
1425,Frank Wolfe,gregoryhansen@meta.ua,2022-03-19 01:47:05
1426,Ana Wallace,jmiller@gmail.com,2021-11-23 15:56:47
1427,Meagan Lawson,lbullock@protonmail.com,2023-05-13 09:19:22
1428,James White,davisnathan@gmail.com,2021-05-22 05:32:05
1429,Alice Johnson,marilyn47@meta.ua,2021-04-02 04:44:22
1430,Shannon Sanchez,spencergardner@hotmail.com,2022-02-25 00:40:59
1431,Raymond Johnson,matthewnewman@gmail.com,2024-01-16 08:30:22
1432,Matthew Schultz,ybrown@yahoo.com,2022-09-22 03:10:55
1433,Heather King,xmitchell@i.ua,2020-03-01 10:10:03
1434,Michael Campbell,richard90@ukr.net,2020-08-15 05:40:14
1435,Leah Mitchell,michael97@hotmail.com,2024-07-09 11:05:09
1436,Sandra Ray,david41@protonmail.com,2022-02-27 21:24:15
1437,Mitchell Bean,paulstephens@yahoo.com,2024-08-24 11:08:09
1438,Ashley Morris,emiller@protonmail.com,2023-12-26 00:20:22
1439,Kimberly Hunt,joshua67@hotmail.com,2023-08-26 10:11:56
1440,Lauren Chambers,ricardo78@yahoo.com,2021-10-22 08:03:26
1441,James Howard,judith54@meta.ua,2022-04-05 13:44:30
1442,Carolyn Patel,omora@hotmail.com,2022-02-22 06:22:35
1443,James Leach,lopezjulia@gmail.com,2022-10-03 12:30:05
1444,Clayton Flowers,stephanie29@outlook.com,2020-08-22 10:18:33
1445,Brandon Anderson,stephaniewright@hotmail.com,2020-11-21 09:14:35
1446,Melissa Clark,joshuapham@hotmail.com,2022-10-17 13:14:41
1447,Christina Anderson,duarteamanda@outlook.com,2020-12-30 19:18:59
1448,Neil Wolfe,xwatkins@yahoo.com,2022-02-23 18:24:05
1449,Roberto Gomez,tamaramitchell@ukr.net,2021-10-23 17:11:25
1450,Trevor Arnold,marynichols@protonmail.com,2021-02-20 19:10:12
1451,Samantha Aguilar,hpage@meta.ua,2021-10-03 08:00:22
1452,Joshua Rodriguez,ndominguez@yahoo.com,2021-11-24 21:37:45
1453,James Mitchell,stephen82@meta.ua,2022-06-20 10:30:28
1454,Jamie Ramirez,clee@hotmail.com,2022-05-11 05:10:15
1455,Sean Fernandez,kathy99@outlook.com,2020-05-04 08:10:21
1456,Chelsea Williamson,clementslinda@gmail.com,2023-07-27 00:39:04
1457,Jennifer Williams,katherinevaughn@protonmail.com,2020-12-15 11:38:31
1458,Dr. Christopher Nichols,njohnson@hotmail.com,2024-08-27 17:40:38
1459,Jeffrey Jones,qcase@protonmail.com,2024-09-29 13:04:39
1460,Beverly Wong,catherine19@yahoo.com,2023-10-26 07:00:42
1461,Christopher Mccormick,andrewbryant@protonmail.com,2021-06-01 08:36:20
1462,Travis Boyd,vickie64@gmail.com,2024-06-14 02:39:38
1463,Autumn Cox,xkennedy@outlook.com,2022-03-20 00:55:47
1464,Patricia Evans,ltravis@gmail.com,2022-01-21 11:42:57
1465,John Mason,gomezjohn@meta.ua,2020-07-03 23:41:49
1466,Erica Wilson,rmurphy@i.ua,2023-07-02 00:29:20
1467,Crystal Francis,ohopkins@gmail.com,2021-01-26 01:04:17
1468,Marie Barnes,brendanwalsh@gmail.com,2021-04-17 05:32:53
1469,Cynthia Meza,justinthompson@meta.ua,2023-12-20 02:57:00
1470,Christopher Hunt,josephwilliam@meta.ua,2021-09-12 17:01:11
1471,Phillip Davis,charles11@gmail.com,2022-10-10 21:10:46
1472,Randall Compton,oherrera@i.ua,2023-09-12 03:08:30
1473,Raymond Graham,colemichael@yahoo.com,2020-05-13 18:11:31
1474,Matthew Sanders,zachary70@ukr.net,2023-02-15 08:35:52
1475,Zoe Costa,rebecca75@protonmail.com,2024-07-19 16:13:37
1476,Grant Rodriguez,gjordan@ukr.net,2020-03-10 04:43:16
1477,Laura Chase,kwilkinson@meta.ua,2021-09-19 02:52:21
1478,Kimberly Mendez,kellerdeborah@ukr.net,2023-01-17 12:44:55
1479,Julie Sullivan,pclark@outlook.com,2022-09-23 06:05:07
1480,Juan Bell,tmoore@protonmail.com,2023-08-29 22:37:22
1481,Brandy Byrd,jacobbailey@ukr.net,2022-06-20 06:55:22
1482,Molly Horton,rodneyspencer@gmail.com,2021-12-24 03:16:55
1483,Mark Reynolds,mccannjamie@protonmail.com,2020-03-23 15:16:59
1484,Angel Garcia,amy04@hotmail.com,2020-05-20 22:33:05
1485,Paul Taylor,karen10@i.ua,2024-05-07 10:59:49
1486,Robert Keller PhD,melanie09@hotmail.com,2024-12-01 23:26:42
1487,Ruth Ellison,jared61@ukr.net,2021-11-26 07:58:01
1488,Erik Bradley,lauragonzalez@meta.ua,2022-05-24 18:49:04
1489,Gregory Beck,gcampos@i.ua,2021-01-03 23:38:57
1490,Sandra Diaz,christina45@outlook.com,2021-04-24 18:55:29
1491,Samantha Gray,samanthapage@outlook.com,2022-11-29 11:56:06
1492,Laurie Reese,nwright@hotmail.com,2024-03-08 22:49:05
1493,Lisa Baker,ekramer@protonmail.com,2022-01-28 11:15:18
1494,Tracy Garcia,timothy10@gmail.com,2022-10-31 12:22:34
1495,Robert Carlson,ataylor@ukr.net,2020-05-12 03:54:42
1496,Jessica Kim,asmith@outlook.com,2021-11-24 04:26:46
1497,Amy Perez,tammy13@ukr.net,2024-06-01 04:19:42
1498,Caleb Hampton,ericgarrett@protonmail.com,2020-05-02 08:50:23
1499,Caleb Powers,dgraham@protonmail.com,2021-12-09 13:00:47
1500,Jon Guerra,ashley16@gmail.com,2022-04-04 22:03:31
